SR_NUMBER,USER_ID,SR_TYPE,SR_TYPE_DESC,PRIORITY,DEPT_NAME,METHOD_RECEIVED,NEIGHBORHOOD,TIME_RECEIVED,DATE_CREATED,PLANNED_COMPLETION_DAYS,DATE_CLOSED
SR25000225,KBEHANAN,ABAN-VPR,"VEHICLE, ABANDON PRIV P ACCESS",STANDARD,CINC HEALTH DEPT,311 CALL,MT. WASHINGTON,09:45:00,2025 Jan 02 12:00:00 AM,366,2025 Mar 07 12:00:00 AM
SR25000908,CCSRWEB,ABAN-VPR,"VEHICLE, ABANDON PRIV P ACCESS",STANDARD,CINC HEALTH DEPT,INTERNET,EAST WESTWOOD,16:40:00,2025 Jan 03 12:00:00 AM,365,2025 Feb 11 12:00:00 AM
SR25000696,JSTRATMAN,ABAN-VPR,"VEHICLE, ABANDON PRIV P ACCESS",STANDARD,CINC HEALTH DEPT,PHONE,EAST PRICE HILL,11:35:00,2025 Jan 03 12:00:00 AM,365,2025 Jan 13 12:00:00 AM
SR25000689,JSTRATMAN,ABAN-VPR,"VEHICLE, ABANDON PRIV P ACCESS",STANDARD,CINC HEALTH DEPT,PHONE,EAST PRICE HILL,11:29:00,2025 Jan 03 12:00:00 AM,365,2025 Jan 13 12:00:00 AM
SR25000698,JSTRATMAN,ABAN-VPR,"VEHICLE, ABANDON PRIV P ACCESS",STANDARD,CINC HEALTH DEPT,PHONE,EAST PRICE HILL,11:36:00,2025 Jan 03 12:00:00 AM,365,2025 Jan 13 12:00:00 AM
SR25000693,JSTRATMAN,ABAN-VPR,"VEHICLE, ABANDON PRIV P ACCESS",STANDARD,CINC HEALTH DEPT,PHONE,EAST PRICE HILL,11:31:00,2025 Jan 03 12:00:00 AM,365,2025 Feb 04 12:00:00 AM
SR25000914,CCSRWEB,ABAN-VPR,"VEHICLE, ABANDON PRIV P ACCESS",STANDARD,CINC HEALTH DEPT,INTERNET,CLIFTON,16:59:00,2025 Jan 03 12:00:00 AM,365,2025 Jan 07 12:00:00 AM
SR25000559,MOBILE,ABAN-VPR,"VEHICLE, ABANDON PRIV P ACCESS",STANDARD,CINC HEALTH DEPT,INTERNET,BOND HILL,07:08:00,2025 Jan 03 12:00:00 AM,365,2025 Jan 07 12:00:00 AM
SR25000692,JSTRATMAN,ABAN-VPR,"VEHICLE, ABANDON PRIV P ACCESS",STANDARD,CINC HEALTH DEPT,PHONE,EAST PRICE HILL,11:30:00,2025 Jan 03 12:00:00 AM,365,2025 Jan 13 12:00:00 AM
SR25000694,JSTRATMAN,ABAN-VPR,"VEHICLE, ABANDON PRIV P ACCESS",STANDARD,CINC HEALTH DEPT,PHONE,EAST PRICE HILL,11:32:00,2025 Jan 03 12:00:00 AM,365,2025 Jan 13 12:00:00 AM
SR25001340,CCSRWEB,ABAN-VPR,"VEHICLE, ABANDON PRIV P ACCESS",STANDARD,CINC HEALTH DEPT,INTERNET,NORTHSIDE,22:54:00,2025 Jan 05 12:00:00 AM,365,2025 Feb 04 12:00:00 AM
SR25008316,MOBILE,ABAN-VPR,"VEHICLE, ABANDON PRIV P ACCESS",STANDARD,CINC HEALTH DEPT,INTERNET,MT. WASHINGTON,15:35:00,2025 Jan 10 12:00:00 AM,365,2025 Jan 16 12:00:00 AM
SR25008530,MOBILE,ABAN-VPR,"VEHICLE, ABANDON PRIV P ACCESS",STANDARD,CINC HEALTH DEPT,INTERNET,HYDE PARK,23:26:00,2025 Jan 10 12:00:00 AM,365,2025 Jan 13 12:00:00 AM
SR25010321,MOBILE,ABAN-VPR,"VEHICLE, ABANDON PRIV P ACCESS",STANDARD,CINC HEALTH DEPT,INTERNET,EAST END,16:39:00,2025 Jan 14 12:00:00 AM,365,2025 Jan 15 12:00:00 AM
SR25011941,JMOORE,ABAN-VPR,"VEHICLE, ABANDON PRIV P ACCESS",STANDARD,CINC HEALTH DEPT,311 CALL,EAST WESTWOOD,19:26:00,2025 Jan 18 12:00:00 AM,385,2025 Mar 06 12:00:00 AM
SR25011999,MOBILE,ABAN-VPR,"VEHICLE, ABANDON PRIV P ACCESS",STANDARD,CINC HEALTH DEPT,INTERNET,SPRING GROVE VILLAGE,10:56:00,2025 Jan 19 12:00:00 AM,365,2025 Jan 23 12:00:00 AM
SR25012136,CCSRWEB,ABAN-VPR,"VEHICLE, ABANDON PRIV P ACCESS",STANDARD,CINC HEALTH DEPT,INTERNET,WEST PRICE HILL,20:27:00,2025 Jan 19 12:00:00 AM,365,2025 Jan 29 12:00:00 AM
SR25012097,CCSRWEB,ABAN-VPR,"VEHICLE, ABANDON PRIV P ACCESS",STANDARD,CINC HEALTH DEPT,INTERNET,NORTHSIDE,18:11:00,2025 Jan 19 12:00:00 AM,365,2025 Jan 31 12:00:00 AM
SR25012623,CCSRWEB,ABAN-VPR,"VEHICLE, ABANDON PRIV P ACCESS",STANDARD,CINC HEALTH DEPT,INTERNET,MT. AUBURN,12:33:00,2025 Jan 21 12:00:00 AM,365,2025 Mar 13 12:00:00 AM
SR25013964,CCSRWEB,ABAN-VPR,"VEHICLE, ABANDON PRIV P ACCESS",STANDARD,CINC HEALTH DEPT,INTERNET,WESTWOOD,14:29:00,2025 Jan 24 12:00:00 AM,365,NA
SR25014281,CCSRWEB,ABAN-VPR,"VEHICLE, ABANDON PRIV P ACCESS",STANDARD,CINC HEALTH DEPT,INTERNET,WEST PRICE HILL,22:36:00,2025 Jan 25 12:00:00 AM,365,2025 Jan 27 12:00:00 AM
SR25014251,MOBILE,ABAN-VPR,"VEHICLE, ABANDON PRIV P ACCESS",STANDARD,CINC HEALTH DEPT,INTERNET,PLEASANT RIDGE,17:45:00,2025 Jan 25 12:00:00 AM,365,2025 Jan 27 12:00:00 AM
SR25014929,MOBILE,ABAN-VPR,"VEHICLE, ABANDON PRIV P ACCESS",STANDARD,CINC HEALTH DEPT,INTERNET,WEST PRICE HILL,19:52:00,2025 Jan 27 12:00:00 AM,365,2025 Feb 20 12:00:00 AM
SR25014801,RANDERSON,ABAN-VPR,"VEHICLE, ABANDON PRIV P ACCESS",STANDARD,CINC HEALTH DEPT,PHONE,EAST WALNUT HILLS,14:56:00,2025 Jan 27 12:00:00 AM,365,2025 Feb 05 12:00:00 AM
SR25014737,JSTRATMAN,ABAN-VPR,"VEHICLE, ABANDON PRIV P ACCESS",STANDARD,CINC HEALTH DEPT,PHONE,WEST PRICE HILL,13:29:00,2025 Jan 27 12:00:00 AM,365,2025 Feb 07 12:00:00 AM
SR25016946,MOBILE,ABAN-VPR,"VEHICLE, ABANDON PRIV P ACCESS",STANDARD,CINC HEALTH DEPT,INTERNET,CUF,12:27:00,2025 Feb 02 12:00:00 AM,365,2025 Feb 03 12:00:00 AM
SR25017166,CCSRWEB,ABAN-VPR,"VEHICLE, ABANDON PRIV P ACCESS",STANDARD,CINC HEALTH DEPT,INTERNET,MT. WASHINGTON,08:29:00,2025 Feb 03 12:00:00 AM,365,2025 May 20 12:00:00 AM
SR25017558,DBROWN,ABAN-VPR,"VEHICLE, ABANDON PRIV P ACCESS",STANDARD,CINC HEALTH DEPT,311 CALL,NORTHSIDE,16:17:00,2025 Feb 03 12:00:00 AM,365,2025 Feb 04 12:00:00 AM
SR25017389,JSMITH2,ABAN-VPR,"VEHICLE, ABANDON PRIV P ACCESS",STANDARD,CINC HEALTH DEPT,311 CALL,EAST PRICE HILL,12:01:00,2025 Feb 03 12:00:00 AM,365,2025 Feb 04 12:00:00 AM
SR25018748,MOBILE,ABAN-VPR,"VEHICLE, ABANDON PRIV P ACCESS",STANDARD,CINC HEALTH DEPT,INTERNET,COLLEGE HILL,10:22:00,2025 Feb 06 12:00:00 AM,365,2025 Mar 28 12:00:00 AM
SR25018872,MOBILE,ABAN-VPR,"VEHICLE, ABANDON PRIV P ACCESS",STANDARD,CINC HEALTH DEPT,INTERNET,COLLEGE HILL,13:01:00,2025 Feb 06 12:00:00 AM,365,2025 Feb 20 12:00:00 AM
SR25018978,MOBILE,ABAN-VPR,"VEHICLE, ABANDON PRIV P ACCESS",STANDARD,CINC HEALTH DEPT,INTERNET,NORTHSIDE,15:42:00,2025 Feb 06 12:00:00 AM,365,2025 Feb 07 12:00:00 AM
SR25019431,MOBILE,ABAN-VPR,"VEHICLE, ABANDON PRIV P ACCESS",STANDARD,CINC HEALTH DEPT,INTERNET,WEST PRICE HILL,16:46:00,2025 Feb 07 12:00:00 AM,365,2025 Feb 10 12:00:00 AM
SR25019420,MOBILE,ABAN-VPR,"VEHICLE, ABANDON PRIV P ACCESS",STANDARD,CINC HEALTH DEPT,INTERNET,EVANSTON,16:20:00,2025 Feb 07 12:00:00 AM,365,2025 Feb 10 12:00:00 AM
SR25019627,DBROWN,ABAN-VPR,"VEHICLE, ABANDON PRIV P ACCESS",STANDARD,CINC HEALTH DEPT,311 CALL,EAST WESTWOOD,18:17:00,2025 Feb 08 12:00:00 AM,365,2025 Feb 10 12:00:00 AM
SR25019862,CCSRWEB,ABAN-VPR,"VEHICLE, ABANDON PRIV P ACCESS",STANDARD,CINC HEALTH DEPT,INTERNET,CLIFTON,23:19:00,2025 Feb 09 12:00:00 AM,365,2025 Mar 20 12:00:00 AM
SR25020273,MOBILE,ABAN-VPR,"VEHICLE, ABANDON PRIV P ACCESS",STANDARD,CINC HEALTH DEPT,INTERNET,EAST PRICE HILL,17:45:00,2025 Feb 10 12:00:00 AM,365,2025 Feb 11 12:00:00 AM
SR25020239,MOBILE,ABAN-VPR,"VEHICLE, ABANDON PRIV P ACCESS",STANDARD,CINC HEALTH DEPT,INTERNET,BOND HILL,16:07:00,2025 Feb 10 12:00:00 AM,365,2025 Feb 13 12:00:00 AM
SR25020249,WISAACS,ABAN-VPR,"VEHICLE, ABANDON PRIV P ACCESS",STANDARD,CINC HEALTH DEPT,311 CALL,WEST PRICE HILL,16:22:00,2025 Feb 10 12:00:00 AM,375,2025 Feb 25 12:00:00 AM
SR25020548,MOBILE,ABAN-VPR,"VEHICLE, ABANDON PRIV P ACCESS",STANDARD,CINC HEALTH DEPT,INTERNET,WEST PRICE HILL,12:46:00,2025 Feb 11 12:00:00 AM,365,2025 Feb 12 12:00:00 AM
SR25020585,JSTRATMAN,ABAN-VPR,"VEHICLE, ABANDON PRIV P ACCESS",STANDARD,CINC HEALTH DEPT,PHONE,EAST PRICE HILL,14:06:00,2025 Feb 11 12:00:00 AM,365,2025 Feb 14 12:00:00 AM
SR25021667,MOBILE,ABAN-VPR,"VEHICLE, ABANDON PRIV P ACCESS",STANDARD,CINC HEALTH DEPT,INTERNET,WALNUT HILLS,21:20:00,2025 Feb 13 12:00:00 AM,365,2025 Feb 14 12:00:00 AM
SR25021516,MOBILE,ABAN-VPR,"VEHICLE, ABANDON PRIV P ACCESS",STANDARD,CINC HEALTH DEPT,INTERNET,WESTWOOD,15:20:00,2025 Feb 13 12:00:00 AM,365,2025 Feb 20 12:00:00 AM
SR25021384,MOBILE,ABAN-VPR,"VEHICLE, ABANDON PRIV P ACCESS",STANDARD,CINC HEALTH DEPT,INTERNET,MADISONVILLE,11:42:00,2025 Feb 13 12:00:00 AM,365,2025 Feb 19 12:00:00 AM
SR25023557,MOBILE,ABAN-VPR,"VEHICLE, ABANDON PRIV P ACCESS",STANDARD,CINC HEALTH DEPT,INTERNET,CARTHAGE,12:17:00,2025 Feb 18 12:00:00 AM,365,2025 Feb 21 12:00:00 AM
SR25025150,MOBILE,ABAN-VPR,"VEHICLE, ABANDON PRIV P ACCESS",STANDARD,CINC HEALTH DEPT,INTERNET,SPRING GROVE VILLAGE,11:18:00,2025 Feb 21 12:00:00 AM,365,2025 Feb 24 12:00:00 AM
SR25025567,MOBILE,ABAN-VPR,"VEHICLE, ABANDON PRIV P ACCESS",STANDARD,CINC HEALTH DEPT,INTERNET,HYDE PARK,10:03:00,2025 Feb 22 12:00:00 AM,365,2025 Apr 10 12:00:00 AM
SR25025608,MOBILE,ABAN-VPR,"VEHICLE, ABANDON PRIV P ACCESS",STANDARD,CINC HEALTH DEPT,INTERNET,WEST PRICE HILL,11:32:00,2025 Feb 22 12:00:00 AM,365,2025 Feb 24 12:00:00 AM
SR25025549,MOBILE,ABAN-VPR,"VEHICLE, ABANDON PRIV P ACCESS",STANDARD,CINC HEALTH DEPT,INTERNET,SEDAMSVILLE,08:50:00,2025 Feb 22 12:00:00 AM,365,2025 Feb 24 12:00:00 AM
SR25026247,MOBILE,ABAN-VPR,"VEHICLE, ABANDON PRIV P ACCESS",STANDARD,CINC HEALTH DEPT,INTERNET,KENNEDY HEIGHTS,11:13:00,2025 Feb 24 12:00:00 AM,365,2025 Mar 06 12:00:00 AM
SR25026254,MOBILE,ABAN-VPR,"VEHICLE, ABANDON PRIV P ACCESS",STANDARD,CINC HEALTH DEPT,INTERNET,KENNEDY HEIGHTS,11:17:00,2025 Feb 24 12:00:00 AM,365,2025 Feb 25 12:00:00 AM
SR25026958,KDAWSON,ABAN-VPR,"VEHICLE, ABANDON PRIV P ACCESS",STANDARD,CINC HEALTH DEPT,PHONE,WEST END,11:40:00,2025 Feb 25 12:00:00 AM,365,2025 Oct 30 12:00:00 AM
SR25026954,KDAWSON,ABAN-VPR,"VEHICLE, ABANDON PRIV P ACCESS",STANDARD,CINC HEALTH DEPT,PHONE,WEST END,11:38:00,2025 Feb 25 12:00:00 AM,365,2025 May 12 12:00:00 AM
SR25026943,KDAWSON,ABAN-VPR,"VEHICLE, ABANDON PRIV P ACCESS",STANDARD,CINC HEALTH DEPT,PHONE,WEST END,11:32:00,2025 Feb 25 12:00:00 AM,365,2025 Mar 05 12:00:00 AM
SR25026945,KDAWSON,ABAN-VPR,"VEHICLE, ABANDON PRIV P ACCESS",STANDARD,CINC HEALTH DEPT,PHONE,WEST END,11:33:00,2025 Feb 25 12:00:00 AM,365,2025 Mar 05 12:00:00 AM
SR25026946,KDAWSON,ABAN-VPR,"VEHICLE, ABANDON PRIV P ACCESS",STANDARD,CINC HEALTH DEPT,PHONE,WEST END,11:35:00,2025 Feb 25 12:00:00 AM,365,2025 Mar 05 12:00:00 AM
SR25026919,KDAWSON,ABAN-VPR,"VEHICLE, ABANDON PRIV P ACCESS",STANDARD,CINC HEALTH DEPT,PHONE,WEST END,11:17:00,2025 Feb 25 12:00:00 AM,365,2025 Mar 05 12:00:00 AM
SR25026951,KDAWSON,ABAN-VPR,"VEHICLE, ABANDON PRIV P ACCESS",STANDARD,CINC HEALTH DEPT,PHONE,WEST END,11:36:00,2025 Feb 25 12:00:00 AM,365,2025 Mar 05 12:00:00 AM
SR25026955,KDAWSON,ABAN-VPR,"VEHICLE, ABANDON PRIV P ACCESS",STANDARD,CINC HEALTH DEPT,PHONE,WEST END,11:39:00,2025 Feb 25 12:00:00 AM,365,2025 Mar 05 12:00:00 AM
SR25026929,KDAWSON,ABAN-VPR,"VEHICLE, ABANDON PRIV P ACCESS",STANDARD,CINC HEALTH DEPT,PHONE,WEST END,11:22:00,2025 Feb 25 12:00:00 AM,365,2025 Mar 05 12:00:00 AM
SR25026942,KDAWSON,ABAN-VPR,"VEHICLE, ABANDON PRIV P ACCESS",STANDARD,CINC HEALTH DEPT,PHONE,WEST END,11:31:00,2025 Feb 25 12:00:00 AM,365,2025 Mar 05 12:00:00 AM
SR25026957,KDAWSON,ABAN-VPR,"VEHICLE, ABANDON PRIV P ACCESS",STANDARD,CINC HEALTH DEPT,PHONE,WEST END,11:39:00,2025 Feb 25 12:00:00 AM,365,2025 Mar 25 12:00:00 AM
SR25027112,MOBILE,ABAN-VPR,"VEHICLE, ABANDON PRIV P ACCESS",STANDARD,CINC HEALTH DEPT,INTERNET,EAST PRICE HILL,15:27:00,2025 Feb 25 12:00:00 AM,365,2025 Feb 26 12:00:00 AM
SR25026925,KDAWSON,ABAN-VPR,"VEHICLE, ABANDON PRIV P ACCESS",STANDARD,CINC HEALTH DEPT,PHONE,WEST END,11:19:00,2025 Feb 25 12:00:00 AM,365,2025 Mar 05 12:00:00 AM
SR25026922,KDAWSON,ABAN-VPR,"VEHICLE, ABANDON PRIV P ACCESS",STANDARD,CINC HEALTH DEPT,PHONE,WEST END,11:18:00,2025 Feb 25 12:00:00 AM,365,2025 Mar 05 12:00:00 AM
SR25026714,CCSRWEB,ABAN-VPR,"VEHICLE, ABANDON PRIV P ACCESS",STANDARD,CINC HEALTH DEPT,INTERNET,OVER-THE-RHINE,06:16:00,2025 Feb 25 12:00:00 AM,366,2025 Feb 27 12:00:00 AM
SR25026952,KDAWSON,ABAN-VPR,"VEHICLE, ABANDON PRIV P ACCESS",STANDARD,CINC HEALTH DEPT,PHONE,WEST END,11:37:00,2025 Feb 25 12:00:00 AM,365,2025 Mar 05 12:00:00 AM
SR25026991,MOBILE,ABAN-VPR,"VEHICLE, ABANDON PRIV P ACCESS",STANDARD,CINC HEALTH DEPT,INTERNET,WEST END,12:41:00,2025 Feb 25 12:00:00 AM,365,2025 Mar 04 12:00:00 AM
SR25027795,MOBILE,ABAN-VPR,"VEHICLE, ABANDON PRIV P ACCESS",STANDARD,CINC HEALTH DEPT,INTERNET,HYDE PARK,17:29:00,2025 Feb 26 12:00:00 AM,365,2025 Feb 27 12:00:00 AM
SR25028020,CCSRWEB,ABAN-VPR,"VEHICLE, ABANDON PRIV P ACCESS",STANDARD,CINC HEALTH DEPT,INTERNET,EAST WALNUT HILLS,10:45:00,2025 Feb 27 12:00:00 AM,365,2025 May 06 12:00:00 AM
SR25028178,MOBILE,ABAN-VPR,"VEHICLE, ABANDON PRIV P ACCESS",STANDARD,CINC HEALTH DEPT,INTERNET,WINTON HILLS,12:34:00,2025 Feb 27 12:00:00 AM,365,2025 Mar 03 12:00:00 AM
SR25027957,MOBILE,ABAN-VPR,"VEHICLE, ABANDON PRIV P ACCESS",STANDARD,CINC HEALTH DEPT,INTERNET,BOND HILL,08:32:00,2025 Feb 27 12:00:00 AM,365,2025 Feb 28 12:00:00 AM
SR25028492,MOBILE,ABAN-VPR,"VEHICLE, ABANDON PRIV P ACCESS",STANDARD,CINC HEALTH DEPT,INTERNET,WESTWOOD,08:39:00,2025 Feb 28 12:00:00 AM,365,2025 Mar 04 12:00:00 AM
SR25029112,MOBILE,ABAN-VPR,"VEHICLE, ABANDON PRIV P ACCESS",STANDARD,CINC HEALTH DEPT,INTERNET,SAYLER PARK,20:58:00,2025 Mar 01 12:00:00 AM,365,2025 Oct 30 12:00:00 AM
SR25029113,MOBILE,ABAN-VPR,"VEHICLE, ABANDON PRIV P ACCESS",STANDARD,CINC HEALTH DEPT,INTERNET,SAYLER PARK,20:59:00,2025 Mar 01 12:00:00 AM,365,2025 Mar 12 12:00:00 AM
SR25029114,MOBILE,ABAN-VPR,"VEHICLE, ABANDON PRIV P ACCESS",STANDARD,CINC HEALTH DEPT,INTERNET,SAYLER PARK,21:01:00,2025 Mar 01 12:00:00 AM,365,2025 Mar 12 12:00:00 AM
SR25029039,MOBILE,ABAN-VPR,"VEHICLE, ABANDON PRIV P ACCESS",STANDARD,CINC HEALTH DEPT,INTERNET,SOUTH FAIRMOUNT,14:54:00,2025 Mar 01 12:00:00 AM,365,2025 Mar 20 12:00:00 AM
SR25028949,MOBILE,ABAN-VPR,"VEHICLE, ABANDON PRIV P ACCESS",STANDARD,CINC HEALTH DEPT,INTERNET,BOND HILL,09:56:00,2025 Mar 01 12:00:00 AM,365,2025 Mar 03 12:00:00 AM
SR25029703,DANDERSON1,ABAN-VPR,"VEHICLE, ABANDON PRIV P ACCESS",STANDARD,CINC HEALTH DEPT,PHONE,WESTWOOD,13:41:00,2025 Mar 03 12:00:00 AM,365,2025 Mar 12 12:00:00 AM
SR25029705,DANDERSON1,ABAN-VPR,"VEHICLE, ABANDON PRIV P ACCESS",STANDARD,CINC HEALTH DEPT,PHONE,WESTWOOD,13:43:00,2025 Mar 03 12:00:00 AM,365,2025 Mar 12 12:00:00 AM
SR25029889,MOBILE,ABAN-VPR,"VEHICLE, ABANDON PRIV P ACCESS",STANDARD,CINC HEALTH DEPT,INTERNET,EAST WESTWOOD,17:27:00,2025 Mar 03 12:00:00 AM,365,2025 Mar 04 12:00:00 AM
SR25029711,MOBILE,ABAN-VPR,"VEHICLE, ABANDON PRIV P ACCESS",STANDARD,CINC HEALTH DEPT,INTERNET,AVONDALE,13:51:00,2025 Mar 03 12:00:00 AM,365,2025 Mar 04 12:00:00 AM
SR25030589,CCSRWEB,ABAN-VPR,"VEHICLE, ABANDON PRIV P ACCESS",STANDARD,CINC HEALTH DEPT,INTERNET,BOND HILL,22:15:00,2025 Mar 04 12:00:00 AM,365,2025 Mar 05 12:00:00 AM
SR25030811,MOBILE,ABAN-VPR,"VEHICLE, ABANDON PRIV P ACCESS",STANDARD,CINC HEALTH DEPT,INTERNET,RIVERSIDE,11:05:00,2025 Mar 05 12:00:00 AM,365,2025 Mar 06 12:00:00 AM
SR25031068,MOBILE,ABAN-VPR,"VEHICLE, ABANDON PRIV P ACCESS",STANDARD,CINC HEALTH DEPT,INTERNET,CARTHAGE,16:38:00,2025 Mar 05 12:00:00 AM,365,2025 Mar 06 12:00:00 AM
SR25030782,MOBILE,ABAN-VPR,"VEHICLE, ABANDON PRIV P ACCESS",STANDARD,CINC HEALTH DEPT,INTERNET,COLLEGE HILL,10:22:00,2025 Mar 05 12:00:00 AM,365,2025 Mar 20 12:00:00 AM
SR25030768,MOBILE,ABAN-VPR,"VEHICLE, ABANDON PRIV P ACCESS",STANDARD,CINC HEALTH DEPT,INTERNET,SPRING GROVE VILLAGE,10:02:00,2025 Mar 05 12:00:00 AM,365,2025 Mar 14 12:00:00 AM
SR25030812,MOBILE,ABAN-VPR,"VEHICLE, ABANDON PRIV P ACCESS",STANDARD,CINC HEALTH DEPT,INTERNET,RIVERSIDE,11:06:00,2025 Mar 05 12:00:00 AM,365,2025 Mar 24 12:00:00 AM
SR25031623,MOBILE,ABAN-VPR,"VEHICLE, ABANDON PRIV P ACCESS",STANDARD,CINC HEALTH DEPT,INTERNET,BOND HILL,16:51:00,2025 Mar 06 12:00:00 AM,365,2025 Mar 07 12:00:00 AM
SR25031531,MOBILE,ABAN-VPR,"VEHICLE, ABANDON PRIV P ACCESS",STANDARD,CINC HEALTH DEPT,INTERNET,MT. WASHINGTON,14:26:00,2025 Mar 06 12:00:00 AM,365,NA
SR25031899,MOBILE,ABAN-VPR,"VEHICLE, ABANDON PRIV P ACCESS",STANDARD,CINC HEALTH DEPT,INTERNET,EAST END,12:23:00,2025 Mar 07 12:00:00 AM,365,2025 Mar 11 12:00:00 AM
SR25031945,MOBILE,ABAN-VPR,"VEHICLE, ABANDON PRIV P ACCESS",STANDARD,CINC HEALTH DEPT,INTERNET,QUEENSGATE,13:50:00,2025 Mar 07 12:00:00 AM,365,2025 Mar 10 12:00:00 AM
SR25031987,DBROWN,ABAN-VPR,"VEHICLE, ABANDON PRIV P ACCESS",STANDARD,CINC HEALTH DEPT,311 CALL,OAKLEY,15:23:00,2025 Mar 07 12:00:00 AM,365,NA
SR25032243,MOBILE,ABAN-VPR,"VEHICLE, ABANDON PRIV P ACCESS",STANDARD,CINC HEALTH DEPT,INTERNET,WALNUT HILLS,22:56:00,2025 Mar 08 12:00:00 AM,365,2025 Mar 10 12:00:00 AM
SR25032193,DBROWN,ABAN-VPR,"VEHICLE, ABANDON PRIV P ACCESS",STANDARD,CINC HEALTH DEPT,311 CALL,ROSELAWN,15:38:00,2025 Mar 08 12:00:00 AM,365,2025 Mar 19 12:00:00 AM
SR25033070,CPROM,ABAN-VPR,"VEHICLE, ABANDON PRIV P ACCESS",STANDARD,CINC HEALTH DEPT,311 CALL,CARTHAGE,08:34:00,2025 Mar 11 12:00:00 AM,365,2025 Mar 12 12:00:00 AM
SR25033254,CPROM,ABAN-VPR,"VEHICLE, ABANDON PRIV P ACCESS",STANDARD,CINC HEALTH DEPT,311 CALL,WEST PRICE HILL,12:47:00,2025 Mar 11 12:00:00 AM,373,2025 Mar 20 12:00:00 AM
SR25033513,CCSRWEB,ABAN-VPR,"VEHICLE, ABANDON PRIV P ACCESS",STANDARD,CINC HEALTH DEPT,INTERNET,AVONDALE,03:34:00,2025 Mar 12 12:00:00 AM,365,2025 Mar 13 12:00:00 AM
SR25033978,MOBILE,ABAN-VPR,"VEHICLE, ABANDON PRIV P ACCESS",STANDARD,CINC HEALTH DEPT,INTERNET,MADISONVILLE,18:22:00,2025 Mar 12 12:00:00 AM,365,NA
SR25033893,MOBILE,ABAN-VPR,"VEHICLE, ABANDON PRIV P ACCESS",STANDARD,CINC HEALTH DEPT,INTERNET,OVER-THE-RHINE,15:29:00,2025 Mar 12 12:00:00 AM,365,2025 Mar 13 12:00:00 AM
SR25033980,CCSRWEB,ABAN-VPR,"VEHICLE, ABANDON PRIV P ACCESS",STANDARD,CINC HEALTH DEPT,INTERNET,OVER-THE-RHINE,18:24:00,2025 Mar 12 12:00:00 AM,371,NA
SR25033619,MOBILE,ABAN-VPR,"VEHICLE, ABANDON PRIV P ACCESS",STANDARD,CINC HEALTH DEPT,INTERNET,EAST PRICE HILL,10:04:00,2025 Mar 12 12:00:00 AM,365,2025 Mar 21 12:00:00 AM
SR25033814,DANDERSON1,ABAN-VPR,"VEHICLE, ABANDON PRIV P ACCESS",STANDARD,CINC HEALTH DEPT,PHONE,MT. AIRY,14:15:00,2025 Mar 12 12:00:00 AM,365,2025 Mar 31 12:00:00 AM
SR25033819,DANDERSON1,ABAN-VPR,"VEHICLE, ABANDON PRIV P ACCESS",STANDARD,CINC HEALTH DEPT,PHONE,MT. AIRY,14:18:00,2025 Mar 12 12:00:00 AM,365,2025 Mar 31 12:00:00 AM
SR25033811,DANDERSON1,ABAN-VPR,"VEHICLE, ABANDON PRIV P ACCESS",STANDARD,CINC HEALTH DEPT,PHONE,MT. AIRY,14:14:00,2025 Mar 12 12:00:00 AM,365,2025 Mar 31 12:00:00 AM
SR25033806,DANDERSON1,ABAN-VPR,"VEHICLE, ABANDON PRIV P ACCESS",STANDARD,CINC HEALTH DEPT,PHONE,MT. AIRY,14:12:00,2025 Mar 12 12:00:00 AM,365,2025 Mar 31 12:00:00 AM
SR25033809,DANDERSON1,ABAN-VPR,"VEHICLE, ABANDON PRIV P ACCESS",STANDARD,CINC HEALTH DEPT,PHONE,MT. AIRY,14:13:00,2025 Mar 12 12:00:00 AM,365,2025 Mar 31 12:00:00 AM
SR25033800,DANDERSON1,ABAN-VPR,"VEHICLE, ABANDON PRIV P ACCESS",STANDARD,CINC HEALTH DEPT,PHONE,MT. AIRY,14:08:00,2025 Mar 12 12:00:00 AM,365,2025 Mar 31 12:00:00 AM
SR25033815,DANDERSON1,ABAN-VPR,"VEHICLE, ABANDON PRIV P ACCESS",STANDARD,CINC HEALTH DEPT,PHONE,MT. AIRY,14:16:00,2025 Mar 12 12:00:00 AM,365,2025 Mar 31 12:00:00 AM
SR25033812,DANDERSON1,ABAN-VPR,"VEHICLE, ABANDON PRIV P ACCESS",STANDARD,CINC HEALTH DEPT,PHONE,MT. AIRY,14:14:00,2025 Mar 12 12:00:00 AM,365,2025 Mar 31 12:00:00 AM
SR25033808,DANDERSON1,ABAN-VPR,"VEHICLE, ABANDON PRIV P ACCESS",STANDARD,CINC HEALTH DEPT,PHONE,MT. AIRY,14:12:00,2025 Mar 12 12:00:00 AM,365,2025 Mar 31 12:00:00 AM
SR25033813,DANDERSON1,ABAN-VPR,"VEHICLE, ABANDON PRIV P ACCESS",STANDARD,CINC HEALTH DEPT,PHONE,MT. AIRY,14:15:00,2025 Mar 12 12:00:00 AM,365,2025 Mar 31 12:00:00 AM
SR25033820,DANDERSON1,ABAN-VPR,"VEHICLE, ABANDON PRIV P ACCESS",STANDARD,CINC HEALTH DEPT,PHONE,MT. AIRY,14:18:00,2025 Mar 12 12:00:00 AM,365,2025 Mar 31 12:00:00 AM
SR25034203,MOBILE,ABAN-VPR,"VEHICLE, ABANDON PRIV P ACCESS",STANDARD,CINC HEALTH DEPT,INTERNET,COLLEGE HILL,09:58:00,2025 Mar 13 12:00:00 AM,365,2025 May 28 12:00:00 AM
SR25034440,DANDERSON1,ABAN-VPR,"VEHICLE, ABANDON PRIV P ACCESS",STANDARD,CINC HEALTH DEPT,PHONE,MT. AIRY,15:17:00,2025 Mar 13 12:00:00 AM,365,2025 Apr 15 12:00:00 AM
SR25034399,MOBILE,ABAN-VPR,"VEHICLE, ABANDON PRIV P ACCESS",STANDARD,CINC HEALTH DEPT,INTERNET,SEDAMSVILLE,14:21:00,2025 Mar 13 12:00:00 AM,365,2025 Mar 14 12:00:00 AM
SR25034846,JSTRATMAN,ABAN-VPR,"VEHICLE, ABANDON PRIV P ACCESS",STANDARD,CINC HEALTH DEPT,PHONE,SEDAMSVILLE,14:13:00,2025 Mar 14 12:00:00 AM,365,2025 Apr 30 12:00:00 AM
SR25035022,MOBILE,ABAN-VPR,"VEHICLE, ABANDON PRIV P ACCESS",STANDARD,CINC HEALTH DEPT,INTERNET,COLLEGE HILL,09:52:00,2025 Mar 15 12:00:00 AM,365,2025 Mar 20 12:00:00 AM
SR25035212,CCSRWEB,ABAN-VPR,"VEHICLE, ABANDON PRIV P ACCESS",STANDARD,CINC HEALTH DEPT,INTERNET,WESTWOOD,11:03:00,2025 Mar 16 12:00:00 AM,365,2025 Apr 17 12:00:00 AM
SR25036463,MOBILE,ABAN-VPR,"VEHICLE, ABANDON PRIV P ACCESS",STANDARD,CINC HEALTH DEPT,INTERNET,WESTWOOD,09:35:00,2025 Mar 19 12:00:00 AM,365,2025 Apr 15 12:00:00 AM
SR25036617,MOBILE,ABAN-VPR,"VEHICLE, ABANDON PRIV P ACCESS",STANDARD,CINC HEALTH DEPT,INTERNET,WEST END,12:31:00,2025 Mar 19 12:00:00 AM,365,2025 Mar 20 12:00:00 AM
SR25036845,MOBILE,ABAN-VPR,"VEHICLE, ABANDON PRIV P ACCESS",STANDARD,CINC HEALTH DEPT,INTERNET,SOUTH CUMMINSVILLE,19:06:00,2025 Mar 19 12:00:00 AM,365,2025 Mar 20 12:00:00 AM
SR25036678,JHAMM,ABAN-VPR,"VEHICLE, ABANDON PRIV P ACCESS",STANDARD,CINC HEALTH DEPT,PHONE,WESTWOOD,13:29:00,2025 Mar 19 12:00:00 AM,365,2025 Mar 28 12:00:00 AM
SR25037002,MOBILE,ABAN-VPR,"VEHICLE, ABANDON PRIV P ACCESS",STANDARD,CINC HEALTH DEPT,INTERNET,MT. WASHINGTON,10:05:00,2025 Mar 20 12:00:00 AM,365,2025 May 02 12:00:00 AM
SR25037242,MOBILE,ABAN-VPR,"VEHICLE, ABANDON PRIV P ACCESS",STANDARD,CINC HEALTH DEPT,INTERNET,SOUTH FAIRMOUNT,16:05:00,2025 Mar 20 12:00:00 AM,365,2025 Mar 31 12:00:00 AM
SR25037404,MOBILE,ABAN-VPR,"VEHICLE, ABANDON PRIV P ACCESS",STANDARD,CINC HEALTH DEPT,INTERNET,RIVERSIDE,08:42:00,2025 Mar 21 12:00:00 AM,365,2025 Mar 24 12:00:00 AM
SR25037407,MOBILE,ABAN-VPR,"VEHICLE, ABANDON PRIV P ACCESS",STANDARD,CINC HEALTH DEPT,INTERNET,RIVERSIDE,08:43:00,2025 Mar 21 12:00:00 AM,365,2025 Mar 24 12:00:00 AM
SR25037947,MOBILE,ABAN-VPR,"VEHICLE, ABANDON PRIV P ACCESS",STANDARD,CINC HEALTH DEPT,INTERNET,PLEASANT RIDGE,11:22:00,2025 Mar 23 12:00:00 AM,365,2025 Mar 25 12:00:00 AM
SR25038185,CCSRWEB,ABAN-VPR,"VEHICLE, ABANDON PRIV P ACCESS",STANDARD,CINC HEALTH DEPT,INTERNET,MT. WASHINGTON,10:43:00,2025 Mar 24 12:00:00 AM,365,2025 Apr 22 12:00:00 AM
SR25038281,JSTRATMAN,ABAN-VPR,"VEHICLE, ABANDON PRIV P ACCESS",STANDARD,CINC HEALTH DEPT,PHONE,RIVERSIDE,12:44:00,2025 Mar 24 12:00:00 AM,365,2025 Apr 29 12:00:00 AM
SR25038155,MOBILE,ABAN-VPR,"VEHICLE, ABANDON PRIV P ACCESS",STANDARD,CINC HEALTH DEPT,INTERNET,MT. AUBURN,09:57:00,2025 Mar 24 12:00:00 AM,365,2025 Apr 29 12:00:00 AM
SR25038276,JSTRATMAN,ABAN-VPR,"VEHICLE, ABANDON PRIV P ACCESS",STANDARD,CINC HEALTH DEPT,PHONE,RIVERSIDE,12:42:00,2025 Mar 24 12:00:00 AM,365,2025 Apr 02 12:00:00 AM
SR25038277,JSTRATMAN,ABAN-VPR,"VEHICLE, ABANDON PRIV P ACCESS",STANDARD,CINC HEALTH DEPT,PHONE,RIVERSIDE,12:42:00,2025 Mar 24 12:00:00 AM,365,2025 Apr 02 12:00:00 AM
SR25038275,JSTRATMAN,ABAN-VPR,"VEHICLE, ABANDON PRIV P ACCESS",STANDARD,CINC HEALTH DEPT,PHONE,RIVERSIDE,12:41:00,2025 Mar 24 12:00:00 AM,365,2025 Apr 02 12:00:00 AM
SR25038775,MOBILE,ABAN-VPR,"VEHICLE, ABANDON PRIV P ACCESS",STANDARD,CINC HEALTH DEPT,INTERNET,OAKLEY,12:49:00,2025 Mar 25 12:00:00 AM,365,2025 Apr 17 12:00:00 AM
SR25038892,MOBILE,ABAN-VPR,"VEHICLE, ABANDON PRIV P ACCESS",STANDARD,CINC HEALTH DEPT,INTERNET,WALNUT HILLS,15:34:00,2025 Mar 25 12:00:00 AM,365,2025 Mar 26 12:00:00 AM
SR25038550,CCSRWEB,ABAN-VPR,"VEHICLE, ABANDON PRIV P ACCESS",STANDARD,CINC HEALTH DEPT,INTERNET,OVER-THE-RHINE,02:00:00,2025 Mar 25 12:00:00 AM,365,2025 Apr 03 12:00:00 AM
SR25039682,CCSRWEB,ABAN-VPR,"VEHICLE, ABANDON PRIV P ACCESS",STANDARD,CINC HEALTH DEPT,INTERNET,MILLVALE,13:20:00,2025 Mar 27 12:00:00 AM,365,2025 Mar 31 12:00:00 AM
SR25039997,MOBILE,ABAN-VPR,"VEHICLE, ABANDON PRIV P ACCESS",STANDARD,CINC HEALTH DEPT,INTERNET,WEST PRICE HILL,11:18:00,2025 Mar 28 12:00:00 AM,365,2025 Apr 01 12:00:00 AM
SR25040017,MOBILE,ABAN-VPR,"VEHICLE, ABANDON PRIV P ACCESS",STANDARD,CINC HEALTH DEPT,INTERNET,WEST PRICE HILL,11:49:00,2025 Mar 28 12:00:00 AM,365,2025 Apr 01 12:00:00 AM
SR25040169,MOBILE,ABAN-VPR,"VEHICLE, ABANDON PRIV P ACCESS",STANDARD,CINC HEALTH DEPT,INTERNET,MT. AIRY,16:58:00,2025 Mar 28 12:00:00 AM,365,2025 Apr 03 12:00:00 AM
SR25040349,CCSRWEB,ABAN-VPR,"VEHICLE, ABANDON PRIV P ACCESS",STANDARD,CINC HEALTH DEPT,INTERNET,MT. WASHINGTON,15:56:00,2025 Mar 29 12:00:00 AM,365,2025 May 14 12:00:00 AM
SR25040474,MOBILE,ABAN-VPR,"VEHICLE, ABANDON PRIV P ACCESS",STANDARD,CINC HEALTH DEPT,INTERNET,WEST PRICE HILL,09:46:00,2025 Mar 30 12:00:00 AM,365,2025 Apr 01 12:00:00 AM
SR25041044,TGROME,ABAN-VPR,"VEHICLE, ABANDON PRIV P ACCESS",STANDARD,CINC HEALTH DEPT,PHONE,AVONDALE,15:19:00,2025 Mar 31 12:00:00 AM,365,2025 Apr 14 12:00:00 AM
SR25041015,MOBILE,ABAN-VPR,"VEHICLE, ABANDON PRIV P ACCESS",STANDARD,CINC HEALTH DEPT,INTERNET,OAKLEY,14:48:00,2025 Mar 31 12:00:00 AM,365,2025 Apr 01 12:00:00 AM
SR25041192,CCSRWEB,ABAN-VPR,"VEHICLE, ABANDON PRIV P ACCESS",STANDARD,CINC HEALTH DEPT,INTERNET,AVONDALE,22:53:00,2025 Mar 31 12:00:00 AM,365,2025 Apr 02 12:00:00 AM
SR25041040,MOBILE,ABAN-VPR,"VEHICLE, ABANDON PRIV P ACCESS",STANDARD,CINC HEALTH DEPT,INTERNET,PLEASANT RIDGE,15:16:00,2025 Mar 31 12:00:00 AM,365,2025 Apr 01 12:00:00 AM
SR25041584,MOBILE,ABAN-VPR,"VEHICLE, ABANDON PRIV P ACCESS",STANDARD,CINC HEALTH DEPT,INTERNET,AVONDALE,14:36:00,2025 Apr 01 12:00:00 AM,365,2025 May 28 12:00:00 AM
SR25041579,MOBILE,ABAN-VPR,"VEHICLE, ABANDON PRIV P ACCESS",STANDARD,CINC HEALTH DEPT,INTERNET,AVONDALE,14:24:00,2025 Apr 01 12:00:00 AM,365,2025 Jun 11 12:00:00 AM
SR25041265,CCSRWEB,ABAN-VPR,"VEHICLE, ABANDON PRIV P ACCESS",STANDARD,CINC HEALTH DEPT,INTERNET,NORTHSIDE,08:15:00,2025 Apr 01 12:00:00 AM,365,2025 Apr 03 12:00:00 AM
SR25041985,JHAMM,ABAN-VPR,"VEHICLE, ABANDON PRIV P ACCESS",STANDARD,CINC HEALTH DEPT,PHONE,MT. AIRY,12:23:00,2025 Apr 02 12:00:00 AM,365,2025 Apr 15 12:00:00 AM
SR25042602,MOBILE,ABAN-VPR,"VEHICLE, ABANDON PRIV P ACCESS",STANDARD,CINC HEALTH DEPT,INTERNET,WINTON HILLS,12:14:00,2025 Apr 03 12:00:00 AM,365,2025 Apr 04 12:00:00 AM
SR25044493,MOBILE,ABAN-VPR,"VEHICLE, ABANDON PRIV P ACCESS",STANDARD,CINC HEALTH DEPT,INTERNET,OVER-THE-RHINE,18:52:00,2025 Apr 07 12:00:00 AM,365,2025 Apr 22 12:00:00 AM
SR25045220,CCSRWEB,ABAN-VPR,"VEHICLE, ABANDON PRIV P ACCESS",STANDARD,CINC HEALTH DEPT,INTERNET,CUF,03:48:00,2025 Apr 09 12:00:00 AM,365,2025 Apr 30 12:00:00 AM
SR25046781,CCSRWEB,ABAN-VPR,"VEHICLE, ABANDON PRIV P ACCESS",STANDARD,CINC HEALTH DEPT,INTERNET,EAST WESTWOOD,18:31:00,2025 Apr 11 12:00:00 AM,368,2025 May 13 12:00:00 AM
SR25047852,MOBILE,ABAN-VPR,"VEHICLE, ABANDON PRIV P ACCESS",STANDARD,CINC HEALTH DEPT,INTERNET,LOWER PRICE HILL,18:43:00,2025 Apr 14 12:00:00 AM,365,2025 Apr 15 12:00:00 AM
SR25047862,MOBILE,ABAN-VPR,"VEHICLE, ABANDON PRIV P ACCESS",STANDARD,CINC HEALTH DEPT,INTERNET,WEST PRICE HILL,19:27:00,2025 Apr 14 12:00:00 AM,365,2025 Apr 15 12:00:00 AM
SR25047857,MOBILE,ABAN-VPR,"VEHICLE, ABANDON PRIV P ACCESS",STANDARD,CINC HEALTH DEPT,INTERNET,WEST PRICE HILL,19:15:00,2025 Apr 14 12:00:00 AM,365,2025 Apr 15 12:00:00 AM
SR25048007,DBROWN,ABAN-VPR,"VEHICLE, ABANDON PRIV P ACCESS",STANDARD,CINC HEALTH DEPT,311 CALL,ROSELAWN,08:58:00,2025 Apr 15 12:00:00 AM,365,2025 May 21 12:00:00 AM
SR25048782,CCSRWEB,ABAN-VPR,"VEHICLE, ABANDON PRIV P ACCESS",STANDARD,CINC HEALTH DEPT,INTERNET,COLLEGE HILL,12:19:00,2025 Apr 16 12:00:00 AM,365,2025 May 16 12:00:00 AM
SR25048975,MOBILE,ABAN-VPR,"VEHICLE, ABANDON PRIV P ACCESS",STANDARD,CINC HEALTH DEPT,INTERNET,CAMP WASHINGTON,15:58:00,2025 Apr 16 12:00:00 AM,365,2025 Apr 17 12:00:00 AM
SR25048779,JWAGONER,ABAN-VPR,"VEHICLE, ABANDON PRIV P ACCESS",STANDARD,CINC HEALTH DEPT,311 CALL,BOND HILL,12:17:00,2025 Apr 16 12:00:00 AM,365,2025 Apr 17 12:00:00 AM
SR25048849,MOBILE,ABAN-VPR,"VEHICLE, ABANDON PRIV P ACCESS",STANDARD,CINC HEALTH DEPT,INTERNET,LOWER PRICE HILL,13:27:00,2025 Apr 16 12:00:00 AM,365,2025 Apr 18 12:00:00 AM
SR25049409,JWAGONER,ABAN-VPR,"VEHICLE, ABANDON PRIV P ACCESS",STANDARD,CINC HEALTH DEPT,311 CALL,COLLEGE HILL,12:41:00,2025 Apr 17 12:00:00 AM,365,2025 Jun 10 12:00:00 AM
SR25049442,KDAWSON,ABAN-VPR,"VEHICLE, ABANDON PRIV P ACCESS",STANDARD,CINC HEALTH DEPT,PHONE,QUEENSGATE,13:28:00,2025 Apr 17 12:00:00 AM,365,2025 May 22 12:00:00 AM
SR25049280,KDAWSON,ABAN-VPR,"VEHICLE, ABANDON PRIV P ACCESS",STANDARD,CINC HEALTH DEPT,PHONE,EAST WALNUT HILLS,10:31:00,2025 Apr 17 12:00:00 AM,365,2025 Apr 17 12:00:00 AM
SR25049633,MOBILE,ABAN-VPR,"VEHICLE, ABANDON PRIV P ACCESS",STANDARD,CINC HEALTH DEPT,INTERNET,WESTWOOD,19:59:00,2025 Apr 17 12:00:00 AM,365,2025 Apr 22 12:00:00 AM
SR25049626,MOBILE,ABAN-VPR,"VEHICLE, ABANDON PRIV P ACCESS",STANDARD,CINC HEALTH DEPT,INTERNET,WESTWOOD,19:47:00,2025 Apr 17 12:00:00 AM,365,2025 Apr 22 12:00:00 AM
SR25049444,JSTRATMAN,ABAN-VPR,"VEHICLE, ABANDON PRIV P ACCESS",STANDARD,CINC HEALTH DEPT,PHONE,LOWER PRICE HILL,13:30:00,2025 Apr 17 12:00:00 AM,365,2025 Apr 18 12:00:00 AM
SR25049696,JSMITH2,ABAN-VPR,"VEHICLE, ABANDON PRIV P ACCESS",STANDARD,CINC HEALTH DEPT,311 CALL,WESTWOOD,07:55:00,2025 Apr 18 12:00:00 AM,365,2025 May 01 12:00:00 AM
SR25050037,TBALL,ABAN-VPR,"VEHICLE, ABANDON PRIV P ACCESS",STANDARD,CINC HEALTH DEPT,PHONE,ROSELAWN,16:05:00,2025 Apr 18 12:00:00 AM,365,2025 May 14 12:00:00 AM
SR25050131,MOBILE,ABAN-VPR,"VEHICLE, ABANDON PRIV P ACCESS",STANDARD,CINC HEALTH DEPT,INTERNET,NORTHSIDE,21:32:00,2025 Apr 18 12:00:00 AM,365,2025 Apr 24 12:00:00 AM
SR25049942,JSTRATMAN,ABAN-VPR,"VEHICLE, ABANDON PRIV P ACCESS",STANDARD,CINC HEALTH DEPT,PHONE,WEST PRICE HILL,13:51:00,2025 Apr 18 12:00:00 AM,365,2025 Apr 29 12:00:00 AM
SR25050581,MOBILE,ABAN-VPR,"VEHICLE, ABANDON PRIV P ACCESS",STANDARD,CINC HEALTH DEPT,INTERNET,SEDAMSVILLE,09:28:00,2025 Apr 21 12:00:00 AM,365,2025 Apr 30 12:00:00 AM
SR25051424,CCSRWEB,ABAN-VPR,"VEHICLE, ABANDON PRIV P ACCESS",STANDARD,CINC HEALTH DEPT,INTERNET,OVER-THE-RHINE,15:06:00,2025 Apr 22 12:00:00 AM,378,2025 May 05 12:00:00 AM
SR25051440,ZGALLION,ABAN-VPR,"VEHICLE, ABANDON PRIV P ACCESS",STANDARD,CINC HEALTH DEPT,311 CALL,COLLEGE HILL,15:25:00,2025 Apr 22 12:00:00 AM,366,2025 May 16 12:00:00 AM
SR25051400,MOBILE,ABAN-VPR,"VEHICLE, ABANDON PRIV P ACCESS",STANDARD,CINC HEALTH DEPT,INTERNET,MT. AUBURN,14:22:00,2025 Apr 22 12:00:00 AM,365,2025 Apr 24 12:00:00 AM
SR25051064,MOBILE,ABAN-VPR,"VEHICLE, ABANDON PRIV P ACCESS",STANDARD,CINC HEALTH DEPT,INTERNET,WEST PRICE HILL,07:00:00,2025 Apr 22 12:00:00 AM,365,2025 Apr 23 12:00:00 AM
SR25053103,MOBILE,ABAN-VPR,"VEHICLE, ABANDON PRIV P ACCESS",STANDARD,CINC HEALTH DEPT,INTERNET,NORTHSIDE,09:28:00,2025 Apr 26 12:00:00 AM,365,2025 Apr 28 12:00:00 AM
SR25053276,JWAGONER,ABAN-VPR,"VEHICLE, ABANDON PRIV P ACCESS",STANDARD,CINC HEALTH DEPT,311 CALL,NORTHSIDE,11:57:00,2025 Apr 27 12:00:00 AM,365,2025 May 01 12:00:00 AM
SR25053293,MOBILE,ABAN-VPR,"VEHICLE, ABANDON PRIV P ACCESS",STANDARD,CINC HEALTH DEPT,INTERNET,CUF,12:37:00,2025 Apr 27 12:00:00 AM,365,2025 Apr 28 12:00:00 AM
SR25053543,DBROWN,ABAN-VPR,"VEHICLE, ABANDON PRIV P ACCESS",STANDARD,CINC HEALTH DEPT,311 CALL,NORTH FAIRMOUNT,10:18:00,2025 Apr 28 12:00:00 AM,365,2025 May 15 12:00:00 AM
SR25053569,TCOOPER,ABAN-VPR,"VEHICLE, ABANDON PRIV P ACCESS",STANDARD,CINC HEALTH DEPT,311 CALL,WESTWOOD,10:35:00,2025 Apr 28 12:00:00 AM,365,2025 May 23 12:00:00 AM
SR25053593,MOBILE,ABAN-VPR,"VEHICLE, ABANDON PRIV P ACCESS",STANDARD,CINC HEALTH DEPT,INTERNET,MT. AUBURN,11:02:00,2025 Apr 28 12:00:00 AM,365,2025 Apr 29 12:00:00 AM
SR25054385,JHAMM,ABAN-VPR,"VEHICLE, ABANDON PRIV P ACCESS",STANDARD,CINC HEALTH DEPT,PHONE,MT. AUBURN,11:55:00,2025 Apr 29 12:00:00 AM,365,2025 May 07 12:00:00 AM
SR25054387,JHAMM,ABAN-VPR,"VEHICLE, ABANDON PRIV P ACCESS",STANDARD,CINC HEALTH DEPT,PHONE,MT. AUBURN,11:55:00,2025 Apr 29 12:00:00 AM,365,2025 May 07 12:00:00 AM
SR25054964,JHAMM,ABAN-VPR,"VEHICLE, ABANDON PRIV P ACCESS",STANDARD,CINC HEALTH DEPT,PHONE,CUF,11:28:00,2025 Apr 30 12:00:00 AM,365,2025 Jul 21 12:00:00 AM
SR25055018,MOBILE,ABAN-VPR,"VEHICLE, ABANDON PRIV P ACCESS",STANDARD,CINC HEALTH DEPT,INTERNET,BOND HILL,12:23:00,2025 Apr 30 12:00:00 AM,365,2025 Jun 17 12:00:00 AM
SR25054791,MOBILE,ABAN-VPR,"VEHICLE, ABANDON PRIV P ACCESS",STANDARD,CINC HEALTH DEPT,INTERNET,LOWER PRICE HILL,08:15:00,2025 Apr 30 12:00:00 AM,365,2025 May 01 12:00:00 AM
SR25055889,MOBILE,ABAN-VPR,"VEHICLE, ABANDON PRIV P ACCESS",STANDARD,CINC HEALTH DEPT,INTERNET,WEST PRICE HILL,18:25:00,2025 May 01 12:00:00 AM,365,2025 May 05 12:00:00 AM
SR25055715,JSTRATMAN,ABAN-VPR,"VEHICLE, ABANDON PRIV P ACCESS",STANDARD,CINC HEALTH DEPT,PHONE,LOWER PRICE HILL,14:20:00,2025 May 01 12:00:00 AM,365,2025 May 12 12:00:00 AM
SR25055710,KCLAY,ABAN-VPR,"VEHICLE, ABANDON PRIV P ACCESS",STANDARD,CINC HEALTH DEPT,311 CALL,NORTHSIDE,14:09:00,2025 May 01 12:00:00 AM,365,2025 May 07 12:00:00 AM
SR25055716,JSTRATMAN,ABAN-VPR,"VEHICLE, ABANDON PRIV P ACCESS",STANDARD,CINC HEALTH DEPT,PHONE,LOWER PRICE HILL,14:21:00,2025 May 01 12:00:00 AM,365,2025 May 12 12:00:00 AM
SR25055394,MOBILE,ABAN-VPR,"VEHICLE, ABANDON PRIV P ACCESS",STANDARD,CINC HEALTH DEPT,INTERNET,WEST END,08:02:00,2025 May 01 12:00:00 AM,365,2025 May 19 12:00:00 AM
SR25057116,JHAMM,ABAN-VPR,"VEHICLE, ABANDON PRIV P ACCESS",STANDARD,CINC HEALTH DEPT,PHONE,MT. WASHINGTON,13:42:00,2025 May 05 12:00:00 AM,365,2025 Oct 30 12:00:00 AM
SR25057237,MOBILE,ABAN-VPR,"VEHICLE, ABANDON PRIV P ACCESS",STANDARD,CINC HEALTH DEPT,INTERNET,EAST PRICE HILL,16:12:00,2025 May 05 12:00:00 AM,365,2025 May 07 12:00:00 AM
SR25057122,JHAMM,ABAN-VPR,"VEHICLE, ABANDON PRIV P ACCESS",STANDARD,CINC HEALTH DEPT,PHONE,MT. WASHINGTON,13:46:00,2025 May 05 12:00:00 AM,365,2025 May 20 12:00:00 AM
SR25057113,JHAMM,ABAN-VPR,"VEHICLE, ABANDON PRIV P ACCESS",STANDARD,CINC HEALTH DEPT,PHONE,MT. WASHINGTON,13:41:00,2025 May 05 12:00:00 AM,365,2025 May 20 12:00:00 AM
SR25057118,JHAMM,ABAN-VPR,"VEHICLE, ABANDON PRIV P ACCESS",STANDARD,CINC HEALTH DEPT,PHONE,MT. WASHINGTON,13:43:00,2025 May 05 12:00:00 AM,365,2025 May 20 12:00:00 AM
SR25057111,JHAMM,ABAN-VPR,"VEHICLE, ABANDON PRIV P ACCESS",STANDARD,CINC HEALTH DEPT,PHONE,MT. WASHINGTON,13:40:00,2025 May 05 12:00:00 AM,365,2025 May 20 12:00:00 AM
SR25057120,JHAMM,ABAN-VPR,"VEHICLE, ABANDON PRIV P ACCESS",STANDARD,CINC HEALTH DEPT,PHONE,MT. WASHINGTON,13:44:00,2025 May 05 12:00:00 AM,365,2025 May 20 12:00:00 AM
SR25057734,JWAGONER,ABAN-VPR,"VEHICLE, ABANDON PRIV P ACCESS",STANDARD,CINC HEALTH DEPT,311 CALL,ROSELAWN,14:21:00,2025 May 06 12:00:00 AM,365,2025 Aug 15 12:00:00 AM
SR25057804,MOBILE,ABAN-VPR,"VEHICLE, ABANDON PRIV P ACCESS",STANDARD,CINC HEALTH DEPT,INTERNET,CLIFTON,15:56:00,2025 May 06 12:00:00 AM,365,2025 May 07 12:00:00 AM
SR25057513,MOBILE,ABAN-VPR,"VEHICLE, ABANDON PRIV P ACCESS",STANDARD,CINC HEALTH DEPT,INTERNET,SAYLER PARK,10:12:00,2025 May 06 12:00:00 AM,365,2025 May 07 12:00:00 AM
SR25058421,MOBILE,ABAN-VPR,"VEHICLE, ABANDON PRIV P ACCESS",STANDARD,CINC HEALTH DEPT,INTERNET,WALNUT HILLS,17:03:00,2025 May 07 12:00:00 AM,365,2025 May 08 12:00:00 AM
SR25058469,MOBILE,ABAN-VPR,"VEHICLE, ABANDON PRIV P ACCESS",STANDARD,CINC HEALTH DEPT,INTERNET,DOWNTOWN,19:07:00,2025 May 07 12:00:00 AM,365,2025 May 08 12:00:00 AM
SR25058267,JSTRATMAN,ABAN-VPR,"VEHICLE, ABANDON PRIV P ACCESS",STANDARD,CINC HEALTH DEPT,PHONE,EAST PRICE HILL,13:21:00,2025 May 07 12:00:00 AM,365,2025 May 16 12:00:00 AM
SR25058776,MOBILE,ABAN-VPR,"VEHICLE, ABANDON PRIV P ACCESS",STANDARD,CINC HEALTH DEPT,INTERNET,AVONDALE,12:09:00,2025 May 08 12:00:00 AM,365,2025 May 12 12:00:00 AM
SR25060470,MOBILE,ABAN-VPR,"VEHICLE, ABANDON PRIV P ACCESS",STANDARD,CINC HEALTH DEPT,INTERNET,EVANSTON,20:52:00,2025 May 12 12:00:00 AM,365,2025 Jun 02 12:00:00 AM
SR25059992,JHAMM,ABAN-VPR,"VEHICLE, ABANDON PRIV P ACCESS",STANDARD,CINC HEALTH DEPT,PHONE,NORTH FAIRMOUNT,09:16:00,2025 May 12 12:00:00 AM,365,2025 May 15 12:00:00 AM
SR25059993,JHAMM,ABAN-VPR,"VEHICLE, ABANDON PRIV P ACCESS",STANDARD,CINC HEALTH DEPT,PHONE,NORTH FAIRMOUNT,09:16:00,2025 May 12 12:00:00 AM,365,2025 May 15 12:00:00 AM
SR25059988,JHAMM,ABAN-VPR,"VEHICLE, ABANDON PRIV P ACCESS",STANDARD,CINC HEALTH DEPT,PHONE,NORTH FAIRMOUNT,09:14:00,2025 May 12 12:00:00 AM,365,2025 May 15 12:00:00 AM
SR25059994,JHAMM,ABAN-VPR,"VEHICLE, ABANDON PRIV P ACCESS",STANDARD,CINC HEALTH DEPT,PHONE,NORTH FAIRMOUNT,09:17:00,2025 May 12 12:00:00 AM,365,2025 May 15 12:00:00 AM
SR25059985,JHAMM,ABAN-VPR,"VEHICLE, ABANDON PRIV P ACCESS",STANDARD,CINC HEALTH DEPT,PHONE,NORTH FAIRMOUNT,09:08:00,2025 May 12 12:00:00 AM,365,2025 May 15 12:00:00 AM
SR25061572,MOBILE,ABAN-VPR,"VEHICLE, ABANDON PRIV P ACCESS",STANDARD,CINC HEALTH DEPT,INTERNET,OVER-THE-RHINE,17:35:00,2025 May 14 12:00:00 AM,365,2025 May 15 12:00:00 AM
SR25061175,MOBILE,ABAN-VPR,"VEHICLE, ABANDON PRIV P ACCESS",STANDARD,CINC HEALTH DEPT,INTERNET,MT. AIRY,09:02:00,2025 May 14 12:00:00 AM,365,2025 May 23 12:00:00 AM
SR25061945,JHAMM,ABAN-VPR,"VEHICLE, ABANDON PRIV P ACCESS",STANDARD,CINC HEALTH DEPT,PHONE,COLLEGE HILL,12:50:00,2025 May 15 12:00:00 AM,365,2025 May 30 12:00:00 AM
SR25061940,JHAMM,ABAN-VPR,"VEHICLE, ABANDON PRIV P ACCESS",STANDARD,CINC HEALTH DEPT,PHONE,COLLEGE HILL,12:49:00,2025 May 15 12:00:00 AM,365,2025 May 29 12:00:00 AM
SR25061939,JHAMM,ABAN-VPR,"VEHICLE, ABANDON PRIV P ACCESS",STANDARD,CINC HEALTH DEPT,PHONE,COLLEGE HILL,12:48:00,2025 May 15 12:00:00 AM,365,2025 May 29 12:00:00 AM
SR25062105,JWAGONER,ABAN-VPR,"VEHICLE, ABANDON PRIV P ACCESS",STANDARD,CINC HEALTH DEPT,311 CALL,WESTWOOD,16:19:00,2025 May 15 12:00:00 AM,365,2025 May 30 12:00:00 AM
SR25061943,JHAMM,ABAN-VPR,"VEHICLE, ABANDON PRIV P ACCESS",STANDARD,CINC HEALTH DEPT,PHONE,COLLEGE HILL,12:49:00,2025 May 15 12:00:00 AM,365,2025 May 29 12:00:00 AM
SR25061936,JHAMM,ABAN-VPR,"VEHICLE, ABANDON PRIV P ACCESS",STANDARD,CINC HEALTH DEPT,PHONE,WESTWOOD,12:47:00,2025 May 15 12:00:00 AM,365,2025 May 23 12:00:00 AM
SR25061938,JHAMM,ABAN-VPR,"VEHICLE, ABANDON PRIV P ACCESS",STANDARD,CINC HEALTH DEPT,PHONE,WESTWOOD,12:47:00,2025 May 15 12:00:00 AM,365,2025 May 23 12:00:00 AM
SR25061933,JHAMM,ABAN-VPR,"VEHICLE, ABANDON PRIV P ACCESS",STANDARD,CINC HEALTH DEPT,PHONE,WESTWOOD,12:46:00,2025 May 15 12:00:00 AM,365,2025 May 23 12:00:00 AM
SR25061937,JHAMM,ABAN-VPR,"VEHICLE, ABANDON PRIV P ACCESS",STANDARD,CINC HEALTH DEPT,PHONE,WESTWOOD,12:47:00,2025 May 15 12:00:00 AM,365,2025 May 23 12:00:00 AM
SR25061932,JHAMM,ABAN-VPR,"VEHICLE, ABANDON PRIV P ACCESS",STANDARD,CINC HEALTH DEPT,PHONE,WESTWOOD,12:46:00,2025 May 15 12:00:00 AM,365,2025 May 23 12:00:00 AM
SR25061934,JHAMM,ABAN-VPR,"VEHICLE, ABANDON PRIV P ACCESS",STANDARD,CINC HEALTH DEPT,PHONE,WESTWOOD,12:46:00,2025 May 15 12:00:00 AM,365,2025 May 27 12:00:00 AM
SR25061929,JHAMM,ABAN-VPR,"VEHICLE, ABANDON PRIV P ACCESS",STANDARD,CINC HEALTH DEPT,PHONE,WESTWOOD,12:45:00,2025 May 15 12:00:00 AM,365,2025 May 23 12:00:00 AM
SR25062248,MOBILE,ABAN-VPR,"VEHICLE, ABANDON PRIV P ACCESS",STANDARD,CINC HEALTH DEPT,INTERNET,EVANSTON,07:47:00,2025 May 16 12:00:00 AM,365,2025 Jun 10 12:00:00 AM
SR25063526,CLERCH,ABAN-VPR,"VEHICLE, ABANDON PRIV P ACCESS",STANDARD,CINC HEALTH DEPT,PHONE,MADISONVILLE,16:03:00,2025 May 19 12:00:00 AM,365,2025 May 22 12:00:00 AM
SR25064379,JHAMM,ABAN-VPR,"VEHICLE, ABANDON PRIV P ACCESS",STANDARD,CINC HEALTH DEPT,PHONE,ROSELAWN,12:18:00,2025 May 21 12:00:00 AM,365,2025 Oct 30 12:00:00 AM
SR25064133,CCSRWEB,ABAN-VPR,"VEHICLE, ABANDON PRIV P ACCESS",STANDARD,CINC HEALTH DEPT,INTERNET,CLIFTON,01:12:00,2025 May 21 12:00:00 AM,365,2025 Jul 02 12:00:00 AM
SR25065042,CCSRWEB,ABAN-VPR,"VEHICLE, ABANDON PRIV P ACCESS",STANDARD,CINC HEALTH DEPT,INTERNET,HARTWELL,18:33:00,2025 May 22 12:00:00 AM,365,2025 Jul 09 12:00:00 AM
SR25065022,TCOOPER,ABAN-VPR,"VEHICLE, ABANDON PRIV P ACCESS",STANDARD,CINC HEALTH DEPT,311 CALL,EAST PRICE HILL,17:14:00,2025 May 22 12:00:00 AM,365,2025 May 23 12:00:00 AM
SR25065740,PJAMISON,ABAN-VPR,"VEHICLE, ABANDON PRIV P ACCESS",STANDARD,CINC HEALTH DEPT,311 CALL,WEST END,13:28:00,2025 May 25 12:00:00 AM,384,2025 Jun 16 12:00:00 AM
SR25066260,JHAMM,ABAN-VPR,"VEHICLE, ABANDON PRIV P ACCESS",STANDARD,CINC HEALTH DEPT,PHONE,EVANSTON,11:22:00,2025 May 27 12:00:00 AM,365,2025 Oct 30 12:00:00 AM
SR25066261,JHAMM,ABAN-VPR,"VEHICLE, ABANDON PRIV P ACCESS",STANDARD,CINC HEALTH DEPT,PHONE,EVANSTON,11:23:00,2025 May 27 12:00:00 AM,365,2025 Oct 30 12:00:00 AM
SR25066844,JHAMM,ABAN-VPR,"VEHICLE, ABANDON PRIV P ACCESS",STANDARD,CINC HEALTH DEPT,PHONE,AVONDALE,11:48:00,2025 May 28 12:00:00 AM,365,2025 Jun 05 12:00:00 AM
SR25066842,JHAMM,ABAN-VPR,"VEHICLE, ABANDON PRIV P ACCESS",STANDARD,CINC HEALTH DEPT,PHONE,AVONDALE,11:47:00,2025 May 28 12:00:00 AM,365,2025 Jun 10 12:00:00 AM
SR25067388,CPROM,ABAN-VPR,"VEHICLE, ABANDON PRIV P ACCESS",STANDARD,CINC HEALTH DEPT,311 CALL,EAST PRICE HILL,11:50:00,2025 May 29 12:00:00 AM,365,2025 Jun 20 12:00:00 AM
SR25068139,CCSRWEB,ABAN-VPR,"VEHICLE, ABANDON PRIV P ACCESS",STANDARD,CINC HEALTH DEPT,INTERNET,AVONDALE,22:13:00,2025 May 30 12:00:00 AM,365,2025 Jun 02 12:00:00 AM
SR25068129,CCSRWEB,ABAN-VPR,"VEHICLE, ABANDON PRIV P ACCESS",STANDARD,CINC HEALTH DEPT,INTERNET,WALNUT HILLS,21:38:00,2025 May 30 12:00:00 AM,365,2025 Jun 10 12:00:00 AM
SR25071166,CLERCH,ABAN-VPR,"VEHICLE, ABANDON PRIV P ACCESS",STANDARD,CINC HEALTH DEPT,PHONE,MADISONVILLE,14:33:00,2025 Jun 06 12:00:00 AM,365,2025 Jun 26 12:00:00 AM
SR25071218,ZGALLION,ABAN-VPR,"VEHICLE, ABANDON PRIV P ACCESS",STANDARD,CINC HEALTH DEPT,311 CALL,MT. AUBURN,15:38:00,2025 Jun 06 12:00:00 AM,365,2025 Jun 09 12:00:00 AM
SR25071188,CLERCH,ABAN-VPR,"VEHICLE, ABANDON PRIV P ACCESS",STANDARD,CINC HEALTH DEPT,PHONE,WEST END,14:53:00,2025 Jun 06 12:00:00 AM,365,2025 Jun 09 12:00:00 AM
SR25072528,DANDERSON1,ABAN-VPR,"VEHICLE, ABANDON PRIV P ACCESS",STANDARD,CINC HEALTH DEPT,PHONE,COLLEGE HILL,11:16:00,2025 Jun 10 12:00:00 AM,365,2025 Jun 12 12:00:00 AM
SR25072526,DANDERSON1,ABAN-VPR,"VEHICLE, ABANDON PRIV P ACCESS",STANDARD,CINC HEALTH DEPT,PHONE,COLLEGE HILL,11:15:00,2025 Jun 10 12:00:00 AM,365,2025 Jun 12 12:00:00 AM
SR25073080,JHAMM,ABAN-VPR,"VEHICLE, ABANDON PRIV P ACCESS",STANDARD,CINC HEALTH DEPT,PHONE,AVONDALE,12:05:00,2025 Jun 11 12:00:00 AM,365,2025 Jun 25 12:00:00 AM
SR25073614,CPROM,ABAN-VPR,"VEHICLE, ABANDON PRIV P ACCESS",STANDARD,CINC HEALTH DEPT,311 CALL,ROSELAWN,11:38:00,2025 Jun 12 12:00:00 AM,365,2025 Jul 16 12:00:00 AM
SR25074266,TJENKINS,ABAN-VPR,"VEHICLE, ABANDON PRIV P ACCESS",STANDARD,CINC HEALTH DEPT,311 CALL,EAST PRICE HILL,14:57:00,2025 Jun 13 12:00:00 AM,365,2025 Sep 04 12:00:00 AM
SR25074433,CCSRWEB,ABAN-VPR,"VEHICLE, ABANDON PRIV P ACCESS",STANDARD,CINC HEALTH DEPT,INTERNET,HARTWELL,23:38:00,2025 Jun 14 12:00:00 AM,365,2025 Jul 21 12:00:00 AM
SR25074986,TJENKINS,ABAN-VPR,"VEHICLE, ABANDON PRIV P ACCESS",STANDARD,CINC HEALTH DEPT,311 CALL,MADISONVILLE,14:05:00,2025 Jun 16 12:00:00 AM,365,2025 Aug 12 12:00:00 AM
SR25074964,KBEHANAN,ABAN-VPR,"VEHICLE, ABANDON PRIV P ACCESS",STANDARD,CINC HEALTH DEPT,311 CALL,EVANSTON,13:48:00,2025 Jun 16 12:00:00 AM,366,2025 Jul 17 12:00:00 AM
SR25076167,JWAGONER,ABAN-VPR,"VEHICLE, ABANDON PRIV P ACCESS",STANDARD,CINC HEALTH DEPT,311 CALL,AVONDALE,15:11:00,2025 Jun 18 12:00:00 AM,365,2025 Jul 15 12:00:00 AM
SR25076530,KCLAY,ABAN-VPR,"VEHICLE, ABANDON PRIV P ACCESS",STANDARD,CINC HEALTH DEPT,311 CALL,COLLEGE HILL,11:01:00,2025 Jun 19 12:00:00 AM,365,2025 Oct 02 12:00:00 AM
SR25077545,CCSRWEB,ABAN-VPR,"VEHICLE, ABANDON PRIV P ACCESS",STANDARD,CINC HEALTH DEPT,INTERNET,EAST PRICE HILL,12:09:00,2025 Jun 22 12:00:00 AM,365,2025 Jun 26 12:00:00 AM
SR25078363,MSPRY,ABAN-VPR,"VEHICLE, ABANDON PRIV P ACCESS",STANDARD,CINC HEALTH DEPT,PHONE,EVANSTON,07:36:00,2025 Jun 24 12:00:00 AM,365,2025 Jun 26 12:00:00 AM
SR25079405,CPROM,ABAN-VPR,"VEHICLE, ABANDON PRIV P ACCESS",STANDARD,CINC HEALTH DEPT,311 CALL,MT. WASHINGTON,17:26:00,2025 Jun 25 12:00:00 AM,365,2025 Jul 23 12:00:00 AM
SR25080008,CCSRWEB,ABAN-VPR,"VEHICLE, ABANDON PRIV P ACCESS",STANDARD,CINC HEALTH DEPT,INTERNET,AVONDALE,00:31:00,2025 Jun 27 12:00:00 AM,365,2025 Jun 30 12:00:00 AM
SR25082974,JSTRATMAN,ABAN-VPR,"VEHICLE, ABANDON PRIV P ACCESS",STANDARD,CINC HEALTH DEPT,PHONE,RIVERSIDE,12:28:00,2025 Jul 03 12:00:00 AM,365,2025 Sep 30 12:00:00 AM
SR25082976,JSTRATMAN,ABAN-VPR,"VEHICLE, ABANDON PRIV P ACCESS",STANDARD,CINC HEALTH DEPT,PHONE,RIVERSIDE,12:30:00,2025 Jul 03 12:00:00 AM,365,2025 Sep 30 12:00:00 AM
SR25082965,JSTRATMAN,ABAN-VPR,"VEHICLE, ABANDON PRIV P ACCESS",STANDARD,CINC HEALTH DEPT,PHONE,RIVERSIDE,12:21:00,2025 Jul 03 12:00:00 AM,365,2025 Jul 14 12:00:00 AM
SR25082998,JSTRATMAN,ABAN-VPR,"VEHICLE, ABANDON PRIV P ACCESS",STANDARD,CINC HEALTH DEPT,PHONE,RIVERSIDE,12:48:00,2025 Jul 03 12:00:00 AM,365,2025 Jul 11 12:00:00 AM
SR25082964,JSTRATMAN,ABAN-VPR,"VEHICLE, ABANDON PRIV P ACCESS",STANDARD,CINC HEALTH DEPT,PHONE,RIVERSIDE,12:20:00,2025 Jul 03 12:00:00 AM,365,2025 Jul 11 12:00:00 AM
SR25082967,JSTRATMAN,ABAN-VPR,"VEHICLE, ABANDON PRIV P ACCESS",STANDARD,CINC HEALTH DEPT,PHONE,RIVERSIDE,12:24:00,2025 Jul 03 12:00:00 AM,365,2025 Jul 11 12:00:00 AM
SR25082970,JSTRATMAN,ABAN-VPR,"VEHICLE, ABANDON PRIV P ACCESS",STANDARD,CINC HEALTH DEPT,PHONE,RIVERSIDE,12:26:00,2025 Jul 03 12:00:00 AM,365,2025 Jul 11 12:00:00 AM
SR25082995,JSTRATMAN,ABAN-VPR,"VEHICLE, ABANDON PRIV P ACCESS",STANDARD,CINC HEALTH DEPT,PHONE,RIVERSIDE,12:47:00,2025 Jul 03 12:00:00 AM,365,2025 Jul 11 12:00:00 AM
SR25083655,CCSRWEB,ABAN-VPR,"VEHICLE, ABANDON PRIV P ACCESS",STANDARD,CINC HEALTH DEPT,INTERNET,AVONDALE,23:35:00,2025 Jul 05 12:00:00 AM,365,2025 Jul 31 12:00:00 AM
SR25083557,CCSRWEB,ABAN-VPR,"VEHICLE, ABANDON PRIV P ACCESS",STANDARD,CINC HEALTH DEPT,INTERNET,AVONDALE,15:28:00,2025 Jul 05 12:00:00 AM,365,2025 Jul 07 12:00:00 AM
SR25083649,CCSRWEB,ABAN-VPR,"VEHICLE, ABANDON PRIV P ACCESS",STANDARD,CINC HEALTH DEPT,INTERNET,WALNUT HILLS,23:04:00,2025 Jul 05 12:00:00 AM,365,2025 Jul 07 12:00:00 AM
SR25083913,DBROWN,ABAN-VPR,"VEHICLE, ABANDON PRIV P ACCESS",STANDARD,CINC HEALTH DEPT,311 CALL,CAMP WASHINGTON,08:23:00,2025 Jul 07 12:00:00 AM,365,2025 Aug 06 12:00:00 AM
SR25083869,CCSRWEB,ABAN-VPR,"VEHICLE, ABANDON PRIV P ACCESS",STANDARD,CINC HEALTH DEPT,INTERNET,CUF,00:03:00,2025 Jul 07 12:00:00 AM,365,2025 Jul 08 12:00:00 AM
SR25085036,JWAGONER,ABAN-VPR,"VEHICLE, ABANDON PRIV P ACCESS",STANDARD,CINC HEALTH DEPT,311 CALL,CARTHAGE,17:18:00,2025 Jul 08 12:00:00 AM,365,2025 Sep 03 12:00:00 AM
SR25086512,KCLAY,ABAN-VPR,"VEHICLE, ABANDON PRIV P ACCESS",STANDARD,CINC HEALTH DEPT,311 CALL,CARTHAGE,09:40:00,2025 Jul 11 12:00:00 AM,365,2025 Aug 04 12:00:00 AM
SR25086987,CCSRWEB,ABAN-VPR,"VEHICLE, ABANDON PRIV P ACCESS",STANDARD,CINC HEALTH DEPT,INTERNET,CORRYVILLE,15:48:00,2025 Jul 12 12:00:00 AM,365,2025 Jul 15 12:00:00 AM
SR25087939,CCSRWEB,ABAN-VPR,"VEHICLE, ABANDON PRIV P ACCESS",STANDARD,CINC HEALTH DEPT,INTERNET,AVONDALE,23:31:00,2025 Jul 14 12:00:00 AM,365,2025 Sep 11 12:00:00 AM
SR25087247,CCSRWEB,ABAN-VPR,"VEHICLE, ABANDON PRIV P ACCESS",STANDARD,CINC HEALTH DEPT,INTERNET,CUF,03:30:00,2025 Jul 14 12:00:00 AM,365,2025 Jul 15 12:00:00 AM
SR25087244,CCSRWEB,ABAN-VPR,"VEHICLE, ABANDON PRIV P ACCESS",STANDARD,CINC HEALTH DEPT,INTERNET,OVER-THE-RHINE,03:18:00,2025 Jul 14 12:00:00 AM,365,2025 Jul 15 12:00:00 AM
SR25088718,JHAMM,ABAN-VPR,"VEHICLE, ABANDON PRIV P ACCESS",STANDARD,CINC HEALTH DEPT,PHONE,MT. AIRY,13:02:00,2025 Jul 16 12:00:00 AM,365,2025 Jul 30 12:00:00 AM
SR25090545,CCSRWEB,ABAN-VPR,"VEHICLE, ABANDON PRIV P ACCESS",STANDARD,CINC HEALTH DEPT,INTERNET,CUF,23:56:00,2025 Jul 20 12:00:00 AM,365,2025 Jul 21 12:00:00 AM
SR25091884,MOBILE,ABAN-VPR,"VEHICLE, ABANDON PRIV P ACCESS",STANDARD,CINC HEALTH DEPT,INTERNET,PLEASANT RIDGE,01:14:00,2025 Jul 23 12:00:00 AM,365,2025 Jul 30 12:00:00 AM
SR25093027,MOBILE,ABAN-VPR,"VEHICLE, ABANDON PRIV P ACCESS",STANDARD,CINC HEALTH DEPT,INTERNET,EAST PRICE HILL,19:07:00,2025 Jul 24 12:00:00 AM,370,2025 Aug 21 12:00:00 AM
SR25094010,MOBILE,ABAN-VPR,"VEHICLE, ABANDON PRIV P ACCESS",STANDARD,CINC HEALTH DEPT,INTERNET,COLLEGE HILL,10:15:00,2025 Jul 28 12:00:00 AM,457,2025 Nov 06 12:00:00 AM
SR25094484,CCSRWEB,ABAN-VPR,"VEHICLE, ABANDON PRIV P ACCESS",STANDARD,CINC HEALTH DEPT,INTERNET,CUF,21:51:00,2025 Jul 28 12:00:00 AM,365,2025 Jul 30 12:00:00 AM
SR25094861,ZGALLION,ABAN-VPR,"VEHICLE, ABANDON PRIV P ACCESS",STANDARD,CINC HEALTH DEPT,311 CALL,WEST PRICE HILL,15:11:00,2025 Jul 29 12:00:00 AM,365,2025 Oct 21 12:00:00 AM
SR25095417,JSTRATMAN,ABAN-VPR,"VEHICLE, ABANDON PRIV P ACCESS",STANDARD,CINC HEALTH DEPT,PHONE,WEST PRICE HILL,14:31:00,2025 Jul 30 12:00:00 AM,365,2025 Oct 21 12:00:00 AM
SR25095416,JSTRATMAN,ABAN-VPR,"VEHICLE, ABANDON PRIV P ACCESS",STANDARD,CINC HEALTH DEPT,PHONE,WEST PRICE HILL,14:31:00,2025 Jul 30 12:00:00 AM,365,2025 Oct 21 12:00:00 AM
SR25096480,RCALHOUN,ABAN-VPR,"VEHICLE, ABANDON PRIV P ACCESS",STANDARD,CINC HEALTH DEPT,PHONE,SPRING GROVE VILLAGE,13:38:00,2025 Aug 01 12:00:00 AM,365,2025 Oct 30 12:00:00 AM
SR25096481,RCALHOUN,ABAN-VPR,"VEHICLE, ABANDON PRIV P ACCESS",STANDARD,CINC HEALTH DEPT,PHONE,SPRING GROVE VILLAGE,13:38:00,2025 Aug 01 12:00:00 AM,365,2025 Oct 30 12:00:00 AM
SR25096482,RCALHOUN,ABAN-VPR,"VEHICLE, ABANDON PRIV P ACCESS",STANDARD,CINC HEALTH DEPT,PHONE,SPRING GROVE VILLAGE,13:39:00,2025 Aug 01 12:00:00 AM,365,2025 Oct 30 12:00:00 AM
SR25096485,RCALHOUN,ABAN-VPR,"VEHICLE, ABANDON PRIV P ACCESS",STANDARD,CINC HEALTH DEPT,PHONE,SPRING GROVE VILLAGE,13:40:00,2025 Aug 01 12:00:00 AM,365,2025 Oct 30 12:00:00 AM
SR25096484,RCALHOUN,ABAN-VPR,"VEHICLE, ABANDON PRIV P ACCESS",STANDARD,CINC HEALTH DEPT,PHONE,SPRING GROVE VILLAGE,13:40:00,2025 Aug 01 12:00:00 AM,365,2025 Oct 09 12:00:00 AM
SR25096479,RCALHOUN,ABAN-VPR,"VEHICLE, ABANDON PRIV P ACCESS",STANDARD,CINC HEALTH DEPT,PHONE,SPRING GROVE VILLAGE,13:36:00,2025 Aug 01 12:00:00 AM,365,2025 Oct 09 12:00:00 AM
SR25096476,RCALHOUN,ABAN-VPR,"VEHICLE, ABANDON PRIV P ACCESS",STANDARD,CINC HEALTH DEPT,PHONE,SPRING GROVE VILLAGE,13:33:00,2025 Aug 01 12:00:00 AM,365,2025 Oct 09 12:00:00 AM
SR25097370,RCALHOUN,ABAN-VPR,"VEHICLE, ABANDON PRIV P ACCESS",STANDARD,CINC HEALTH DEPT,PHONE,CARTHAGE,13:37:00,2025 Aug 04 12:00:00 AM,365,2025 Sep 03 12:00:00 AM
SR25098911,RANDERSON,ABAN-VPR,"VEHICLE, ABANDON PRIV P ACCESS",STANDARD,CINC HEALTH DEPT,PHONE,EAST PRICE HILL,08:51:00,2025 Aug 07 12:00:00 AM,365,2025 Aug 08 12:00:00 AM
SR25099169,MOBILE,ABAN-VPR,"VEHICLE, ABANDON PRIV P ACCESS",STANDARD,CINC HEALTH DEPT,INTERNET,EAST PRICE HILL,14:13:00,2025 Aug 07 12:00:00 AM,365,2025 Aug 08 12:00:00 AM
SR25099927,DBROWN,ABAN-VPR,"VEHICLE, ABANDON PRIV P ACCESS",STANDARD,CINC HEALTH DEPT,311 CALL,EAST PRICE HILL,14:45:00,2025 Aug 09 12:00:00 AM,365,2025 Aug 29 12:00:00 AM
SR25100365,JHAMM,ABAN-VPR,"VEHICLE, ABANDON PRIV P ACCESS",STANDARD,CINC HEALTH DEPT,PHONE,EVANSTON,10:33:00,2025 Aug 11 12:00:00 AM,365,NA
SR25100364,JHAMM,ABAN-VPR,"VEHICLE, ABANDON PRIV P ACCESS",STANDARD,CINC HEALTH DEPT,PHONE,EVANSTON,10:32:00,2025 Aug 11 12:00:00 AM,365,NA
SR25100685,KBEHANAN,ABAN-VPR,"VEHICLE, ABANDON PRIV P ACCESS",STANDARD,CINC HEALTH DEPT,311 CALL,WESTWOOD,16:12:00,2025 Aug 11 12:00:00 AM,365,2025 Aug 14 12:00:00 AM
SR25102239,JHAMM,ABAN-VPR,"VEHICLE, ABANDON PRIV P ACCESS",STANDARD,CINC HEALTH DEPT,PHONE,ROSELAWN,10:46:00,2025 Aug 14 12:00:00 AM,365,2025 Nov 04 12:00:00 AM
SR25102238,JHAMM,ABAN-VPR,"VEHICLE, ABANDON PRIV P ACCESS",STANDARD,CINC HEALTH DEPT,PHONE,ROSELAWN,10:46:00,2025 Aug 14 12:00:00 AM,365,2025 Nov 04 12:00:00 AM
SR25102240,JHAMM,ABAN-VPR,"VEHICLE, ABANDON PRIV P ACCESS",STANDARD,CINC HEALTH DEPT,PHONE,ROSELAWN,10:47:00,2025 Aug 14 12:00:00 AM,365,2025 Sep 18 12:00:00 AM
SR25102148,JNOWLIN,ABAN-VPR,"VEHICLE, ABANDON PRIV P ACCESS",STANDARD,CINC HEALTH DEPT,PHONE,LINWOOD,08:53:00,2025 Aug 14 12:00:00 AM,365,2025 Aug 22 12:00:00 AM
SR25103033,MOBILE,ABAN-VPR,"VEHICLE, ABANDON PRIV P ACCESS",STANDARD,CINC HEALTH DEPT,INTERNET,AVONDALE,20:33:00,2025 Aug 15 12:00:00 AM,365,2025 Aug 18 12:00:00 AM
SR25103939,CCSRWEB,ABAN-VPR,"VEHICLE, ABANDON PRIV P ACCESS",STANDARD,CINC HEALTH DEPT,INTERNET,EAST PRICE HILL,22:14:00,2025 Aug 18 12:00:00 AM,365,2025 Sep 02 12:00:00 AM
SR25103714,JSTRATMAN,ABAN-VPR,"VEHICLE, ABANDON PRIV P ACCESS",STANDARD,CINC HEALTH DEPT,PHONE,EAST PRICE HILL,13:35:00,2025 Aug 18 12:00:00 AM,365,2025 Aug 27 12:00:00 AM
SR25104521,CCSRWEB,ABAN-VPR,"VEHICLE, ABANDON PRIV P ACCESS",STANDARD,CINC HEALTH DEPT,INTERNET,CLIFTON,22:33:00,2025 Aug 19 12:00:00 AM,365,2025 Aug 28 12:00:00 AM
SR25104204,MOBILE,ABAN-VPR,"VEHICLE, ABANDON PRIV P ACCESS",STANDARD,CINC HEALTH DEPT,INTERNET,EAST PRICE HILL,11:44:00,2025 Aug 19 12:00:00 AM,365,2025 Aug 20 12:00:00 AM
SR25105386,JHAMM,ABAN-VPR,"VEHICLE, ABANDON PRIV P ACCESS",STANDARD,CINC HEALTH DEPT,PHONE,WINTON HILLS,13:00:00,2025 Aug 21 12:00:00 AM,365,2025 Nov 03 12:00:00 AM
SR25105395,JHAMM,ABAN-VPR,"VEHICLE, ABANDON PRIV P ACCESS",STANDARD,CINC HEALTH DEPT,PHONE,WINTON HILLS,13:03:00,2025 Aug 21 12:00:00 AM,365,2025 Nov 03 12:00:00 AM
SR25105390,JHAMM,ABAN-VPR,"VEHICLE, ABANDON PRIV P ACCESS",STANDARD,CINC HEALTH DEPT,PHONE,WINTON HILLS,13:01:00,2025 Aug 21 12:00:00 AM,365,2025 Nov 03 12:00:00 AM
SR25105389,JHAMM,ABAN-VPR,"VEHICLE, ABANDON PRIV P ACCESS",STANDARD,CINC HEALTH DEPT,PHONE,WINTON HILLS,13:01:00,2025 Aug 21 12:00:00 AM,365,2025 Nov 03 12:00:00 AM
SR25105384,JHAMM,ABAN-VPR,"VEHICLE, ABANDON PRIV P ACCESS",STANDARD,CINC HEALTH DEPT,PHONE,WINTON HILLS,12:59:00,2025 Aug 21 12:00:00 AM,365,2025 Nov 03 12:00:00 AM
SR25105400,JHAMM,ABAN-VPR,"VEHICLE, ABANDON PRIV P ACCESS",STANDARD,CINC HEALTH DEPT,PHONE,WINTON HILLS,13:05:00,2025 Aug 21 12:00:00 AM,365,2025 Oct 30 12:00:00 AM
SR25105396,JHAMM,ABAN-VPR,"VEHICLE, ABANDON PRIV P ACCESS",STANDARD,CINC HEALTH DEPT,PHONE,WINTON HILLS,13:03:00,2025 Aug 21 12:00:00 AM,365,NA
SR25105354,JSTRATMAN,ABAN-VPR,"VEHICLE, ABANDON PRIV P ACCESS",STANDARD,CINC HEALTH DEPT,PHONE,CAMP WASHINGTON,12:42:00,2025 Aug 21 12:00:00 AM,365,2025 Aug 29 12:00:00 AM
SR25105367,JSTRATMAN,ABAN-VPR,"VEHICLE, ABANDON PRIV P ACCESS",STANDARD,CINC HEALTH DEPT,PHONE,CAMP WASHINGTON,12:47:00,2025 Aug 21 12:00:00 AM,365,2025 Aug 29 12:00:00 AM
SR25105369,JSTRATMAN,ABAN-VPR,"VEHICLE, ABANDON PRIV P ACCESS",STANDARD,CINC HEALTH DEPT,PHONE,CAMP WASHINGTON,12:48:00,2025 Aug 21 12:00:00 AM,365,2025 Aug 29 12:00:00 AM
SR25105387,JHAMM,ABAN-VPR,"VEHICLE, ABANDON PRIV P ACCESS",STANDARD,CINC HEALTH DEPT,PHONE,WINTON HILLS,13:00:00,2025 Aug 21 12:00:00 AM,365,NA
SR25105393,JHAMM,ABAN-VPR,"VEHICLE, ABANDON PRIV P ACCESS",STANDARD,CINC HEALTH DEPT,PHONE,WINTON HILLS,13:02:00,2025 Aug 21 12:00:00 AM,365,NA
SR25105397,JHAMM,ABAN-VPR,"VEHICLE, ABANDON PRIV P ACCESS",STANDARD,CINC HEALTH DEPT,PHONE,WINTON HILLS,13:04:00,2025 Aug 21 12:00:00 AM,365,NA
SR25105392,JHAMM,ABAN-VPR,"VEHICLE, ABANDON PRIV P ACCESS",STANDARD,CINC HEALTH DEPT,PHONE,WINTON HILLS,13:02:00,2025 Aug 21 12:00:00 AM,365,NA
SR25105366,JSTRATMAN,ABAN-VPR,"VEHICLE, ABANDON PRIV P ACCESS",STANDARD,CINC HEALTH DEPT,PHONE,CAMP WASHINGTON,12:47:00,2025 Aug 21 12:00:00 AM,365,2025 Aug 29 12:00:00 AM
SR25105363,JSTRATMAN,ABAN-VPR,"VEHICLE, ABANDON PRIV P ACCESS",STANDARD,CINC HEALTH DEPT,PHONE,CAMP WASHINGTON,12:46:00,2025 Aug 21 12:00:00 AM,365,2025 Aug 29 12:00:00 AM
SR25105361,JSTRATMAN,ABAN-VPR,"VEHICLE, ABANDON PRIV P ACCESS",STANDARD,CINC HEALTH DEPT,PHONE,CAMP WASHINGTON,12:45:00,2025 Aug 21 12:00:00 AM,365,2025 Aug 29 12:00:00 AM
SR25105360,JSTRATMAN,ABAN-VPR,"VEHICLE, ABANDON PRIV P ACCESS",STANDARD,CINC HEALTH DEPT,PHONE,CAMP WASHINGTON,12:44:00,2025 Aug 21 12:00:00 AM,365,2025 Aug 29 12:00:00 AM
SR25105359,JSTRATMAN,ABAN-VPR,"VEHICLE, ABANDON PRIV P ACCESS",STANDARD,CINC HEALTH DEPT,PHONE,CAMP WASHINGTON,12:43:00,2025 Aug 21 12:00:00 AM,365,2025 Aug 29 12:00:00 AM
SR25105345,JSTRATMAN,ABAN-VPR,"VEHICLE, ABANDON PRIV P ACCESS",STANDARD,CINC HEALTH DEPT,PHONE,EAST PRICE HILL,12:33:00,2025 Aug 21 12:00:00 AM,365,2025 Aug 29 12:00:00 AM
SR25105341,JSTRATMAN,ABAN-VPR,"VEHICLE, ABANDON PRIV P ACCESS",STANDARD,CINC HEALTH DEPT,PHONE,EAST PRICE HILL,12:31:00,2025 Aug 21 12:00:00 AM,365,2025 Aug 29 12:00:00 AM
SR25105378,JHAMM,ABAN-VPR,"VEHICLE, ABANDON PRIV P ACCESS",STANDARD,CINC HEALTH DEPT,PHONE,WEST PRICE HILL,12:58:00,2025 Aug 21 12:00:00 AM,365,NA
SR25105822,RCALHOUN,ABAN-VPR,"VEHICLE, ABANDON PRIV P ACCESS",STANDARD,CINC HEALTH DEPT,PHONE,CARTHAGE,11:55:00,2025 Aug 22 12:00:00 AM,365,2025 Sep 03 12:00:00 AM
SR25105821,RCALHOUN,ABAN-VPR,"VEHICLE, ABANDON PRIV P ACCESS",STANDARD,CINC HEALTH DEPT,PHONE,CARTHAGE,11:54:00,2025 Aug 22 12:00:00 AM,365,2025 Sep 03 12:00:00 AM
SR25105819,RCALHOUN,ABAN-VPR,"VEHICLE, ABANDON PRIV P ACCESS",STANDARD,CINC HEALTH DEPT,PHONE,CARTHAGE,11:52:00,2025 Aug 22 12:00:00 AM,365,2025 Sep 03 12:00:00 AM
SR25106522,MOBILE,ABAN-VPR,"VEHICLE, ABANDON PRIV P ACCESS",STANDARD,CINC HEALTH DEPT,INTERNET,WEST PRICE HILL,09:27:00,2025 Aug 25 12:00:00 AM,365,2025 Aug 27 12:00:00 AM
SR25107577,DBROWN,ABAN-VPR,"VEHICLE, ABANDON PRIV P ACCESS",STANDARD,CINC HEALTH DEPT,311 CALL,WESTWOOD,09:41:00,2025 Aug 27 12:00:00 AM,365,2025 Aug 29 12:00:00 AM
SR25108247,JSTRATMAN,ABAN-VPR,"VEHICLE, ABANDON PRIV P ACCESS",STANDARD,CINC HEALTH DEPT,PHONE,EAST PRICE HILL,13:50:00,2025 Aug 28 12:00:00 AM,365,2025 Sep 04 12:00:00 AM
SR25108235,JSTRATMAN,ABAN-VPR,"VEHICLE, ABANDON PRIV P ACCESS",STANDARD,CINC HEALTH DEPT,PHONE,EAST PRICE HILL,13:44:00,2025 Aug 28 12:00:00 AM,365,2025 Sep 04 12:00:00 AM
SR25108234,JSTRATMAN,ABAN-VPR,"VEHICLE, ABANDON PRIV P ACCESS",STANDARD,CINC HEALTH DEPT,PHONE,EAST PRICE HILL,13:43:00,2025 Aug 28 12:00:00 AM,365,2025 Sep 04 12:00:00 AM
SR25108244,JSTRATMAN,ABAN-VPR,"VEHICLE, ABANDON PRIV P ACCESS",STANDARD,CINC HEALTH DEPT,PHONE,EAST PRICE HILL,13:49:00,2025 Aug 28 12:00:00 AM,365,2025 Sep 04 12:00:00 AM
SR25110502,CLERCH,ABAN-VPR,"VEHICLE, ABANDON PRIV P ACCESS",STANDARD,CINC HEALTH DEPT,PHONE,NORTH AVONDALE - PADDOCK HILLS,11:15:00,2025 Sep 04 12:00:00 AM,365,2025 Oct 27 12:00:00 AM
SR25110660,RANDERSON,ABAN-VPR,"VEHICLE, ABANDON PRIV P ACCESS",STANDARD,CINC HEALTH DEPT,PHONE,EAST WALNUT HILLS,14:14:00,2025 Sep 04 12:00:00 AM,365,2025 Oct 02 12:00:00 AM
SR25110909,MOBILE,ABAN-VPR,"VEHICLE, ABANDON PRIV P ACCESS",STANDARD,CINC HEALTH DEPT,INTERNET,WESTWOOD,08:57:00,2025 Sep 05 12:00:00 AM,418,2025 Nov 06 12:00:00 AM
SR25112200,CCSRWEB,ABAN-VPR,"VEHICLE, ABANDON PRIV P ACCESS",STANDARD,CINC HEALTH DEPT,INTERNET,WESTWOOD,06:51:00,2025 Sep 09 12:00:00 AM,365,2025 Oct 06 12:00:00 AM
SR25112523,CLERCH,ABAN-VPR,"VEHICLE, ABANDON PRIV P ACCESS",STANDARD,CINC HEALTH DEPT,PHONE,WEST END,14:34:00,2025 Sep 09 12:00:00 AM,365,2025 Sep 11 12:00:00 AM
SR25113071,JSMITH2,ABAN-VPR,"VEHICLE, ABANDON PRIV P ACCESS",STANDARD,CINC HEALTH DEPT,311 CALL,WESTWOOD,13:48:00,2025 Sep 10 12:00:00 AM,365,2025 Sep 24 12:00:00 AM
SR25114121,JHAMM,ABAN-VPR,"VEHICLE, ABANDON PRIV P ACCESS",STANDARD,CINC HEALTH DEPT,PHONE,WESTWOOD,14:44:00,2025 Sep 12 12:00:00 AM,365,2025 Sep 18 12:00:00 AM
SR25114868,JSTRATMAN,ABAN-VPR,"VEHICLE, ABANDON PRIV P ACCESS",STANDARD,CINC HEALTH DEPT,PHONE,EAST PRICE HILL,14:27:00,2025 Sep 15 12:00:00 AM,365,2025 Oct 14 12:00:00 AM
SR25114525,CCSRWEB,ABAN-VPR,"VEHICLE, ABANDON PRIV P ACCESS",STANDARD,CINC HEALTH DEPT,INTERNET,CLIFTON,00:50:00,2025 Sep 15 12:00:00 AM,365,2025 Oct 14 12:00:00 AM
SR25114869,JSTRATMAN,ABAN-VPR,"VEHICLE, ABANDON PRIV P ACCESS",STANDARD,CINC HEALTH DEPT,PHONE,EAST PRICE HILL,14:28:00,2025 Sep 15 12:00:00 AM,365,2025 Oct 14 12:00:00 AM
SR25114866,JSTRATMAN,ABAN-VPR,"VEHICLE, ABANDON PRIV P ACCESS",STANDARD,CINC HEALTH DEPT,PHONE,EAST PRICE HILL,14:26:00,2025 Sep 15 12:00:00 AM,365,2025 Sep 24 12:00:00 AM
SR25114871,JSTRATMAN,ABAN-VPR,"VEHICLE, ABANDON PRIV P ACCESS",STANDARD,CINC HEALTH DEPT,PHONE,EAST PRICE HILL,14:31:00,2025 Sep 15 12:00:00 AM,365,2025 Sep 24 12:00:00 AM
SR25114873,JSTRATMAN,ABAN-VPR,"VEHICLE, ABANDON PRIV P ACCESS",STANDARD,CINC HEALTH DEPT,PHONE,EAST PRICE HILL,14:32:00,2025 Sep 15 12:00:00 AM,365,2025 Sep 24 12:00:00 AM
SR25114537,CCSRWEB,ABAN-VPR,"VEHICLE, ABANDON PRIV P ACCESS",STANDARD,CINC HEALTH DEPT,INTERNET,WALNUT HILLS,01:45:00,2025 Sep 15 12:00:00 AM,365,2025 Sep 16 12:00:00 AM
SR25115669,MOBILE,ABAN-VPR,"VEHICLE, ABANDON PRIV P ACCESS",STANDARD,CINC HEALTH DEPT,INTERNET,COLLEGE HILL,11:25:00,2025 Sep 17 12:00:00 AM,406,NA
SR25116082,TGROME,ABAN-VPR,"VEHICLE, ABANDON PRIV P ACCESS",STANDARD,CINC HEALTH DEPT,PHONE,NORTHSIDE,09:56:00,2025 Sep 18 12:00:00 AM,365,2025 Sep 19 12:00:00 AM
SR25116724,ACOLLIER,ABAN-VPR,"VEHICLE, ABANDON PRIV P ACCESS",STANDARD,CINC HEALTH DEPT,311 CALL,WESTWOOD,15:04:00,2025 Sep 19 12:00:00 AM,365,2025 Dec 04 12:00:00 AM
SR25116677,MOBILE,ABAN-VPR,"VEHICLE, ABANDON PRIV P ACCESS",STANDARD,CINC HEALTH DEPT,INTERNET,CUF,13:35:00,2025 Sep 19 12:00:00 AM,365,2025 Sep 25 12:00:00 AM
SR25117096,CCSRWEB,ABAN-VPR,"VEHICLE, ABANDON PRIV P ACCESS",STANDARD,CINC HEALTH DEPT,INTERNET,EAST WALNUT HILLS,20:47:00,2025 Sep 21 12:00:00 AM,365,2025 Nov 05 12:00:00 AM
SR25118131,MOBILE,ABAN-VPR,"VEHICLE, ABANDON PRIV P ACCESS",STANDARD,CINC HEALTH DEPT,INTERNET,MT. AUBURN,07:50:00,2025 Sep 24 12:00:00 AM,365,2025 Oct 17 12:00:00 AM
SR25119566,CCSRWEB,ABAN-VPR,"VEHICLE, ABANDON PRIV P ACCESS",STANDARD,CINC HEALTH DEPT,INTERNET,WEST PRICE HILL,21:54:00,2025 Sep 27 12:00:00 AM,365,2025 Sep 30 12:00:00 AM
SR25119715,MOBILE,ABAN-VPR,"VEHICLE, ABANDON PRIV P ACCESS",STANDARD,CINC HEALTH DEPT,INTERNET,WESTWOOD,21:30:00,2025 Sep 28 12:00:00 AM,365,2025 Oct 02 12:00:00 AM
SR25121320,JHAMM,ABAN-VPR,"VEHICLE, ABANDON PRIV P ACCESS",STANDARD,CINC HEALTH DEPT,PHONE,EAST WALNUT HILLS,13:00:00,2025 Oct 02 12:00:00 AM,365,2025 Nov 05 12:00:00 AM
SR25121240,KMCDOWELL,ABAN-VPR,"VEHICLE, ABANDON PRIV P ACCESS",STANDARD,CINC HEALTH DEPT,311 CALL,EVANSTON,10:44:00,2025 Oct 02 12:00:00 AM,365,2025 Oct 14 12:00:00 AM
SR25121809,DANDERSON1,ABAN-VPR,"VEHICLE, ABANDON PRIV P ACCESS",STANDARD,CINC HEALTH DEPT,PHONE,WESTWOOD,13:47:00,2025 Oct 03 12:00:00 AM,365,2026 Jan 02 12:00:00 AM
SR25121805,DANDERSON1,ABAN-VPR,"VEHICLE, ABANDON PRIV P ACCESS",STANDARD,CINC HEALTH DEPT,PHONE,WESTWOOD,13:43:00,2025 Oct 03 12:00:00 AM,365,2026 Jan 02 12:00:00 AM
SR25121800,DANDERSON1,ABAN-VPR,"VEHICLE, ABANDON PRIV P ACCESS",STANDARD,CINC HEALTH DEPT,PHONE,WESTWOOD,13:37:00,2025 Oct 03 12:00:00 AM,365,2025 Oct 16 12:00:00 AM
SR25121796,DANDERSON1,ABAN-VPR,"VEHICLE, ABANDON PRIV P ACCESS",STANDARD,CINC HEALTH DEPT,PHONE,WESTWOOD,13:34:00,2025 Oct 03 12:00:00 AM,365,2025 Oct 16 12:00:00 AM
SR25121824,MOBILE,ABAN-VPR,"VEHICLE, ABANDON PRIV P ACCESS",STANDARD,CINC HEALTH DEPT,INTERNET,SEDAMSVILLE,14:26:00,2025 Oct 03 12:00:00 AM,365,2025 Oct 06 12:00:00 AM
SR25122083,MOBILE,ABAN-VPR,"VEHICLE, ABANDON PRIV P ACCESS",STANDARD,CINC HEALTH DEPT,INTERNET,MT. AUBURN,02:04:00,2025 Oct 05 12:00:00 AM,365,2025 Oct 07 12:00:00 AM
SR25122378,CCSRWEB,ABAN-VPR,"VEHICLE, ABANDON PRIV P ACCESS",STANDARD,CINC HEALTH DEPT,INTERNET,EAST WALNUT HILLS,11:31:00,2025 Oct 06 12:00:00 AM,365,2025 Oct 30 12:00:00 AM
SR25122516,JSTRATMAN,ABAN-VPR,"VEHICLE, ABANDON PRIV P ACCESS",STANDARD,CINC HEALTH DEPT,PHONE,SAYLER PARK,14:32:00,2025 Oct 06 12:00:00 AM,365,2025 Oct 14 12:00:00 AM
SR25122308,CCSRWEB,ABAN-VPR,"VEHICLE, ABANDON PRIV P ACCESS",STANDARD,CINC HEALTH DEPT,INTERNET,HYDE PARK,10:08:00,2025 Oct 06 12:00:00 AM,365,2025 Oct 08 12:00:00 AM
SR25122939,CCSRWEB,ABAN-VPR,"VEHICLE, ABANDON PRIV P ACCESS",STANDARD,CINC HEALTH DEPT,INTERNET,WESTWOOD,14:09:00,2025 Oct 07 12:00:00 AM,365,2025 Nov 13 12:00:00 AM
SR25123429,CCSRWEB,ABAN-VPR,"VEHICLE, ABANDON PRIV P ACCESS",STANDARD,CINC HEALTH DEPT,INTERNET,COLLEGE HILL,15:00:00,2025 Oct 08 12:00:00 AM,365,2025 Nov 05 12:00:00 AM
SR25123798,JSMITH2,ABAN-VPR,"VEHICLE, ABANDON PRIV P ACCESS",STANDARD,CINC HEALTH DEPT,311 CALL,VILLAGES AT ROLL HILL,12:24:00,2025 Oct 09 12:00:00 AM,365,2025 Nov 05 12:00:00 AM
SR25123756,JHAMM,ABAN-VPR,"VEHICLE, ABANDON PRIV P ACCESS",STANDARD,CINC HEALTH DEPT,PHONE,LINWOOD,11:24:00,2025 Oct 09 12:00:00 AM,365,2025 Oct 31 12:00:00 AM
SR25123822,JSMITH2,ABAN-VPR,"VEHICLE, ABANDON PRIV P ACCESS",STANDARD,CINC HEALTH DEPT,311 CALL,AVONDALE,12:52:00,2025 Oct 09 12:00:00 AM,365,NA
SR25125250,JWAGONER,ABAN-VPR,"VEHICLE, ABANDON PRIV P ACCESS",STANDARD,CINC HEALTH DEPT,311 CALL,AVONDALE,10:34:00,2025 Oct 14 12:00:00 AM,365,2025 Oct 27 12:00:00 AM
SR25126053,KBEHANAN,ABAN-VPR,"VEHICLE, ABANDON PRIV P ACCESS",STANDARD,CINC HEALTH DEPT,311 CALL,PENDLETON,18:40:00,2025 Oct 15 12:00:00 AM,370,2025 Nov 06 12:00:00 AM
SR25126072,MOBILE,ABAN-VPR,"VEHICLE, ABANDON PRIV P ACCESS",STANDARD,CINC HEALTH DEPT,INTERNET,WEST PRICE HILL,20:29:00,2025 Oct 15 12:00:00 AM,367,2025 Oct 21 12:00:00 AM
SR25127166,MGILLESPIE,ABAN-VPR,"VEHICLE, ABANDON PRIV P ACCESS",STANDARD,CINC HEALTH DEPT,PHONE,CLIFTON,08:11:00,2025 Oct 20 12:00:00 AM,365,2025 Nov 14 12:00:00 AM
SR25128127,MOBILE,ABAN-VPR,"VEHICLE, ABANDON PRIV P ACCESS",STANDARD,CINC HEALTH DEPT,INTERNET,MT. AIRY,18:46:00,2025 Oct 21 12:00:00 AM,365,2025 Nov 21 12:00:00 AM
SR25128275,JHAMM,ABAN-VPR,"VEHICLE, ABANDON PRIV P ACCESS",STANDARD,CINC HEALTH DEPT,PHONE,SPRING GROVE VILLAGE,10:58:00,2025 Oct 22 12:00:00 AM,365,2025 Nov 07 12:00:00 AM
SR25128819,CCSRWEB,ABAN-VPR,"VEHICLE, ABANDON PRIV P ACCESS",STANDARD,CINC HEALTH DEPT,INTERNET,WEST PRICE HILL,13:19:00,2025 Oct 23 12:00:00 AM,365,2025 Nov 07 12:00:00 AM
SR25128671,DBROWN,ABAN-VPR,"VEHICLE, ABANDON PRIV P ACCESS",STANDARD,CINC HEALTH DEPT,311 CALL,EAST END,10:41:00,2025 Oct 23 12:00:00 AM,365,2025 Oct 24 12:00:00 AM
SR25128655,DBROWN,ABAN-VPR,"VEHICLE, ABANDON PRIV P ACCESS",STANDARD,CINC HEALTH DEPT,311 CALL,EAST END,10:29:00,2025 Oct 23 12:00:00 AM,365,2025 Oct 24 12:00:00 AM
SR25129206,JSTRATMAN,ABAN-VPR,"VEHICLE, ABANDON PRIV P ACCESS",STANDARD,CINC HEALTH DEPT,PHONE,WEST PRICE HILL,13:45:00,2025 Oct 24 12:00:00 AM,365,2025 Nov 07 12:00:00 AM
SR25129105,JHAMM,ABAN-VPR,"VEHICLE, ABANDON PRIV P ACCESS",STANDARD,CINC HEALTH DEPT,PHONE,PENDLETON,11:24:00,2025 Oct 24 12:00:00 AM,365,2025 Nov 06 12:00:00 AM
SR25130355,KBEHANAN,ABAN-VPR,"VEHICLE, ABANDON PRIV P ACCESS",STANDARD,CINC HEALTH DEPT,311 CALL,MT. AIRY,14:23:00,2025 Oct 28 12:00:00 AM,365,2025 Nov 06 12:00:00 AM
SR25130224,JHAMM,ABAN-VPR,"VEHICLE, ABANDON PRIV P ACCESS",STANDARD,CINC HEALTH DEPT,PHONE,CUF,11:16:00,2025 Oct 28 12:00:00 AM,365,NA
SR25130202,MOBILE,ABAN-VPR,"VEHICLE, ABANDON PRIV P ACCESS",STANDARD,CINC HEALTH DEPT,INTERNET,WEST PRICE HILL,10:49:00,2025 Oct 28 12:00:00 AM,365,2025 Oct 29 12:00:00 AM
SR25130756,JHAMM,ABAN-VPR,"VEHICLE, ABANDON PRIV P ACCESS",STANDARD,CINC HEALTH DEPT,PHONE,COLLEGE HILL,13:34:00,2025 Oct 29 12:00:00 AM,365,2026 Jan 16 12:00:00 AM
SR25130746,DANDERSON1,ABAN-VPR,"VEHICLE, ABANDON PRIV P ACCESS",STANDARD,CINC HEALTH DEPT,PHONE,MT. AIRY,13:23:00,2025 Oct 29 12:00:00 AM,365,2026 Jan 08 12:00:00 AM
SR25131413,JHAMM,ABAN-VPR,"VEHICLE, ABANDON PRIV P ACCESS",STANDARD,CINC HEALTH DEPT,PHONE,MADISONVILLE,12:23:00,2025 Oct 31 12:00:00 AM,365,2025 Nov 13 12:00:00 AM
SR25132068,KBEHANAN,ABAN-VPR,"VEHICLE, ABANDON PRIV P ACCESS",STANDARD,CINC HEALTH DEPT,311 CALL,EAST PRICE HILL,13:25:00,2025 Nov 03 12:00:00 AM,365,2025 Nov 07 12:00:00 AM
SR25132482,DANDERSON1,ABAN-VPR,"VEHICLE, ABANDON PRIV P ACCESS",STANDARD,CINC HEALTH DEPT,PHONE,NORTHSIDE,12:37:00,2025 Nov 04 12:00:00 AM,365,2026 Jan 29 12:00:00 AM
SR25132480,DANDERSON1,ABAN-VPR,"VEHICLE, ABANDON PRIV P ACCESS",STANDARD,CINC HEALTH DEPT,PHONE,NORTHSIDE,12:36:00,2025 Nov 04 12:00:00 AM,365,2026 Jan 29 12:00:00 AM
SR25132483,DANDERSON1,ABAN-VPR,"VEHICLE, ABANDON PRIV P ACCESS",STANDARD,CINC HEALTH DEPT,PHONE,NORTHSIDE,12:37:00,2025 Nov 04 12:00:00 AM,365,2026 Jan 29 12:00:00 AM
SR25132479,DANDERSON1,ABAN-VPR,"VEHICLE, ABANDON PRIV P ACCESS",STANDARD,CINC HEALTH DEPT,PHONE,NORTHSIDE,12:35:00,2025 Nov 04 12:00:00 AM,365,2026 Jan 29 12:00:00 AM
SR25133173,CCSRWEB,ABAN-VPR,"VEHICLE, ABANDON PRIV P ACCESS",STANDARD,CINC HEALTH DEPT,INTERNET,HARTWELL,23:39:00,2025 Nov 05 12:00:00 AM,365,2025 Dec 19 12:00:00 AM
SR25132929,KDAWSON,ABAN-VPR,"VEHICLE, ABANDON PRIV P ACCESS",STANDARD,CINC HEALTH DEPT,PHONE,WALNUT HILLS,11:49:00,2025 Nov 05 12:00:00 AM,365,2025 Nov 13 12:00:00 AM
SR25132931,KDAWSON,ABAN-VPR,"VEHICLE, ABANDON PRIV P ACCESS",STANDARD,CINC HEALTH DEPT,PHONE,WALNUT HILLS,11:50:00,2025 Nov 05 12:00:00 AM,365,2025 Nov 13 12:00:00 AM
SR25132928,KDAWSON,ABAN-VPR,"VEHICLE, ABANDON PRIV P ACCESS",STANDARD,CINC HEALTH DEPT,PHONE,WALNUT HILLS,11:47:00,2025 Nov 05 12:00:00 AM,365,2025 Nov 13 12:00:00 AM
SR25133011,JWAGONER,ABAN-VPR,"VEHICLE, ABANDON PRIV P ACCESS",STANDARD,CINC HEALTH DEPT,311 CALL,EAST WESTWOOD,14:01:00,2025 Nov 05 12:00:00 AM,365,2025 Nov 17 12:00:00 AM
SR25134139,CCSRWEB,ABAN-VPR,"VEHICLE, ABANDON PRIV P ACCESS",STANDARD,CINC HEALTH DEPT,INTERNET,WESTWOOD,12:52:00,2025 Nov 09 12:00:00 AM,365,2026 Jan 06 12:00:00 AM
SR25134623,WISAACS,ABAN-VPR,"VEHICLE, ABANDON PRIV P ACCESS",STANDARD,CINC HEALTH DEPT,311 CALL,EVANSTON,10:03:00,2025 Nov 11 12:00:00 AM,365,2026 Feb 17 12:00:00 AM
SR25134796,MOBILE,ABAN-VPR,"VEHICLE, ABANDON PRIV P ACCESS",STANDARD,CINC HEALTH DEPT,INTERNET,MT. ADAMS,18:03:00,2025 Nov 11 12:00:00 AM,365,2025 Nov 12 12:00:00 AM
SR25135082,RCALHOUN,ABAN-VPR,"VEHICLE, ABANDON PRIV P ACCESS",STANDARD,CINC HEALTH DEPT,PHONE,EVANSTON,13:00:00,2025 Nov 12 12:00:00 AM,365,2026 Feb 17 12:00:00 AM
SR25135076,RCALHOUN,ABAN-VPR,"VEHICLE, ABANDON PRIV P ACCESS",STANDARD,CINC HEALTH DEPT,PHONE,WALNUT HILLS,12:57:00,2025 Nov 12 12:00:00 AM,365,2025 Nov 12 12:00:00 AM
SR25135464,DANDERSON1,ABAN-VPR,"VEHICLE, ABANDON PRIV P ACCESS",STANDARD,CINC HEALTH DEPT,PHONE,CLIFTON,13:44:00,2025 Nov 13 12:00:00 AM,365,2025 Nov 21 12:00:00 AM
SR25135656,MOBILE,ABAN-VPR,"VEHICLE, ABANDON PRIV P ACCESS",STANDARD,CINC HEALTH DEPT,INTERNET,DOWNTOWN,00:16:00,2025 Nov 14 12:00:00 AM,365,2025 Nov 17 12:00:00 AM
SR25136291,MOBILE,ABAN-VPR,"VEHICLE, ABANDON PRIV P ACCESS",STANDARD,CINC HEALTH DEPT,INTERNET,CUF,09:14:00,2025 Nov 16 12:00:00 AM,365,2025 Nov 17 12:00:00 AM
SR25136267,MOBILE,ABAN-VPR,"VEHICLE, ABANDON PRIV P ACCESS",STANDARD,CINC HEALTH DEPT,INTERNET,OVER-THE-RHINE,00:45:00,2025 Nov 16 12:00:00 AM,365,2025 Nov 17 12:00:00 AM
SR25136630,KBEHANAN,ABAN-VPR,"VEHICLE, ABANDON PRIV P ACCESS",STANDARD,CINC HEALTH DEPT,311 CALL,WESTWOOD,11:27:00,2025 Nov 17 12:00:00 AM,365,2026 Jan 06 12:00:00 AM
SR25137781,DANDERSON1,ABAN-VPR,"VEHICLE, ABANDON PRIV P ACCESS",STANDARD,CINC HEALTH DEPT,PHONE,MT. AIRY,14:12:00,2025 Nov 19 12:00:00 AM,365,2025 Dec 04 12:00:00 AM
SR25137780,DANDERSON1,ABAN-VPR,"VEHICLE, ABANDON PRIV P ACCESS",STANDARD,CINC HEALTH DEPT,PHONE,MT. AIRY,14:12:00,2025 Nov 19 12:00:00 AM,365,2025 Dec 04 12:00:00 AM
SR25137779,DANDERSON1,ABAN-VPR,"VEHICLE, ABANDON PRIV P ACCESS",STANDARD,CINC HEALTH DEPT,PHONE,MT. AIRY,14:11:00,2025 Nov 19 12:00:00 AM,365,2025 Dec 04 12:00:00 AM
SR25137962,CCSRWEB,ABAN-VPR,"VEHICLE, ABANDON PRIV P ACCESS",STANDARD,CINC HEALTH DEPT,INTERNET,CLIFTON,22:52:00,2025 Nov 19 12:00:00 AM,365,2025 Dec 01 12:00:00 AM
SR25137830,MOBILE,ABAN-VPR,"VEHICLE, ABANDON PRIV P ACCESS",STANDARD,CINC HEALTH DEPT,INTERNET,ROSELAWN,15:33:00,2025 Nov 19 12:00:00 AM,365,2025 Nov 24 12:00:00 AM
SR25137800,JWAGONER,ABAN-VPR,"VEHICLE, ABANDON PRIV P ACCESS",STANDARD,CINC HEALTH DEPT,311 CALL,RIVERSIDE,14:47:00,2025 Nov 19 12:00:00 AM,365,2025 Nov 20 12:00:00 AM
SR25138248,JHAMM,ABAN-VPR,"VEHICLE, ABANDON PRIV P ACCESS",STANDARD,CINC HEALTH DEPT,PHONE,MADISONVILLE,13:31:00,2025 Nov 20 12:00:00 AM,365,NA
SR25138806,MOBILE,ABAN-VPR,"VEHICLE, ABANDON PRIV P ACCESS",STANDARD,CINC HEALTH DEPT,INTERNET,BOND HILL,09:22:00,2025 Nov 22 12:00:00 AM,365,2025 Nov 24 12:00:00 AM
SR25139579,MOBILE,ABAN-VPR,"VEHICLE, ABANDON PRIV P ACCESS",STANDARD,CINC HEALTH DEPT,INTERNET,EAST WALNUT HILLS,22:10:00,2025 Nov 24 12:00:00 AM,365,2025 Nov 26 12:00:00 AM
SR25139637,JHAMM,ABAN-VPR,"VEHICLE, ABANDON PRIV P ACCESS",STANDARD,CINC HEALTH DEPT,PHONE,WEST PRICE HILL,08:54:00,2025 Nov 25 12:00:00 AM,365,2025 Nov 25 12:00:00 AM
SR25141044,MOBILE,ABAN-VPR,"VEHICLE, ABANDON PRIV P ACCESS",STANDARD,CINC HEALTH DEPT,INTERNET,EAST END,16:18:00,2025 Nov 29 12:00:00 AM,365,2025 Dec 01 12:00:00 AM
SR25143283,JWAGONER,ABAN-VPR,"VEHICLE, ABANDON PRIV P ACCESS",STANDARD,CINC HEALTH DEPT,311 CALL,EAST PRICE HILL,17:13:00,2025 Dec 04 12:00:00 AM,373,2025 Dec 16 12:00:00 AM
SR25143710,CCSRWEB,ABAN-VPR,"VEHICLE, ABANDON PRIV P ACCESS",STANDARD,CINC HEALTH DEPT,INTERNET,CARTHAGE,02:25:00,2025 Dec 06 12:00:00 AM,365,2026 Jan 07 12:00:00 AM
SR25144992,CCSRWEB,ABAN-VPR,"VEHICLE, ABANDON PRIV P ACCESS",STANDARD,CINC HEALTH DEPT,INTERNET,CLIFTON,22:43:00,2025 Dec 09 12:00:00 AM,365,2025 Dec 29 12:00:00 AM
SR25145786,JHAMM,ABAN-VPR,"VEHICLE, ABANDON PRIV P ACCESS",STANDARD,CINC HEALTH DEPT,PHONE,RIVERSIDE,14:13:00,2025 Dec 11 12:00:00 AM,365,2025 Dec 22 12:00:00 AM
SR25145790,JHAMM,ABAN-VPR,"VEHICLE, ABANDON PRIV P ACCESS",STANDARD,CINC HEALTH DEPT,PHONE,WEST PRICE HILL,14:16:00,2025 Dec 11 12:00:00 AM,365,2025 Dec 23 12:00:00 AM
SR25145789,JHAMM,ABAN-VPR,"VEHICLE, ABANDON PRIV P ACCESS",STANDARD,CINC HEALTH DEPT,PHONE,WEST PRICE HILL,14:15:00,2025 Dec 11 12:00:00 AM,365,2025 Dec 15 12:00:00 AM
SR25148140,DBROWN,ABAN-VPR,"VEHICLE, ABANDON PRIV P ACCESS",STANDARD,CINC HEALTH DEPT,311 CALL,EAST PRICE HILL,13:33:00,2025 Dec 17 12:00:00 AM,365,2025 Dec 19 12:00:00 AM
SR25148416,CCSRWEB,ABAN-VPR,"VEHICLE, ABANDON PRIV P ACCESS",STANDARD,CINC HEALTH DEPT,INTERNET,WEST PRICE HILL,19:35:00,2025 Dec 17 12:00:00 AM,365,2025 Dec 19 12:00:00 AM
SR25149281,CCSRWEB,ABAN-VPR,"VEHICLE, ABANDON PRIV P ACCESS",STANDARD,CINC HEALTH DEPT,INTERNET,WEST PRICE HILL,10:58:00,2025 Dec 19 12:00:00 AM,365,2026 Jan 15 12:00:00 AM
SR25149120,JHAMM,ABAN-VPR,"VEHICLE, ABANDON PRIV P ACCESS",STANDARD,CINC HEALTH DEPT,PHONE,ROSELAWN,06:58:00,2025 Dec 19 12:00:00 AM,365,2026 Jan 02 12:00:00 AM
SR25149748,MOBILE,ABAN-VPR,"VEHICLE, ABANDON PRIV P ACCESS",STANDARD,CINC HEALTH DEPT,INTERNET,KENNEDY HEIGHTS,14:13:00,2025 Dec 20 12:00:00 AM,367,2025 Dec 26 12:00:00 AM
SR25150577,JSTRATMAN,ABAN-VPR,"VEHICLE, ABANDON PRIV P ACCESS",STANDARD,CINC HEALTH DEPT,PHONE,WEST PRICE HILL,09:41:00,2025 Dec 23 12:00:00 AM,365,2026 Jan 27 12:00:00 AM
SR25151354,JSTRATMAN,ABAN-VPR,"VEHICLE, ABANDON PRIV P ACCESS",STANDARD,CINC HEALTH DEPT,PHONE,KENNEDY HEIGHTS,09:48:00,2025 Dec 26 12:00:00 AM,365,2025 Dec 31 12:00:00 AM
SR25151357,JSTRATMAN,ABAN-VPR,"VEHICLE, ABANDON PRIV P ACCESS",STANDARD,CINC HEALTH DEPT,PHONE,KENNEDY HEIGHTS,09:49:00,2025 Dec 26 12:00:00 AM,365,2025 Dec 31 12:00:00 AM
SR25151361,JSTRATMAN,ABAN-VPR,"VEHICLE, ABANDON PRIV P ACCESS",STANDARD,CINC HEALTH DEPT,PHONE,KENNEDY HEIGHTS,09:51:00,2025 Dec 26 12:00:00 AM,365,2025 Dec 31 12:00:00 AM
SR25151353,JSTRATMAN,ABAN-VPR,"VEHICLE, ABANDON PRIV P ACCESS",STANDARD,CINC HEALTH DEPT,PHONE,KENNEDY HEIGHTS,09:47:00,2025 Dec 26 12:00:00 AM,365,2025 Dec 31 12:00:00 AM
SR25153400,DANDERSON1,ABAN-VPR,"VEHICLE, ABANDON PRIV P ACCESS",STANDARD,CINC HEALTH DEPT,PHONE,WESTWOOD,13:51:00,2025 Dec 31 12:00:00 AM,365,NA
SR25153402,DANDERSON1,ABAN-VPR,"VEHICLE, ABANDON PRIV P ACCESS",STANDARD,CINC HEALTH DEPT,PHONE,WESTWOOD,13:53:00,2025 Dec 31 12:00:00 AM,365,NA
